fecha,compra,venta,tipo_cambio
2002-01-11,1.65,1.7,1.6749999999999998
2002-01-14,1.63,1.68,1.6549999999999998
2002-01-15,1.9,1.95,1.9249999999999998
2002-01-16,1.83,1.87,1.85
2002-01-17,1.92,1.97,1.9449999999999998
2002-01-18,1.9,1.95,1.9249999999999998
2002-01-21,1.75,1.8,1.775
2002-01-22,1.8,1.85,1.8250000000000002
2002-01-23,1.74,1.77,1.755
2002-01-24,1.75,1.78,1.7650000000000001
2002-01-25,1.75,1.78,1.7650000000000001
2002-01-28,1.77,1.8,1.7850000000000001
2002-01-29,1.77,1.8,1.7850000000000001
2002-01-30,1.9,1.95,1.9249999999999998
2002-01-31,2.0,2.05,2.025
2002-02-01,2.0,2.05,2.025
2002-02-04,2.0,2.05,2.025
2002-02-05,2.0,2.05,2.025
2002-02-06,2.0,2.05,2.025
2002-02-07,2.0,2.05,2.025
2002-02-08,2.0,2.05,2.025
2002-02-11,2.0,2.03,2.0149999999999997
2002-02-12,1.95,1.98,1.9649999999999999
2002-02-13,1.95,1.98,1.9649999999999999
2002-02-14,1.96,1.99,1.975
2002-02-15,2.04,2.07,2.0549999999999997
2002-02-18,2.05,2.08,2.065
2002-02-19,2.09,2.12,2.105
2002-02-20,2.17,2.2,2.185
2002-02-21,2.03,2.06,2.045
2002-02-22,2.08,2.11,2.0949999999999998
2002-02-24,2.08,2.11,2.0949999999999998
2002-02-25,2.13,2.16,2.145
2002-02-26,2.15,2.18,2.165
2002-02-27,2.19,2.22,2.205
2002-02-28,2.17,2.19,2.1799999999999997
2002-03-01,2.17,2.2,2.185
2002-03-04,2.1,2.12,2.1100000000000003
2002-03-05,2.1,2.12,2.1100000000000003
2002-03-06,2.12,2.14,2.13
2002-03-07,2.2,2.22,2.21
2002-03-08,2.24,2.27,2.255
2002-03-11,2.3,2.32,2.3099999999999996
2002-03-12,2.41,2.43,2.42
2002-03-13,2.4,2.42,2.41
2002-03-14,2.44,2.46,2.45
2002-03-15,2.43,2.45,2.4400000000000004
2002-03-18,2.42,2.44,2.4299999999999997
2002-03-19,2.44,2.46,2.45
2002-03-20,2.52,2.54,2.5300000000000002
2002-03-21,2.53,2.55,2.54
2002-03-22,3.0,3.1,3.05
2002-03-25,3.4,3.6,3.5
2002-03-26,3.05,3.1,3.075
2002-03-27,3.0,3.05,3.025
2002-04-02,2.9,2.93,2.915
2002-04-03,2.94,2.97,2.955
2002-04-04,2.82,2.84,2.83
2002-04-05,2.78,2.82,2.8
2002-04-08,2.76,2.79,2.775
2002-04-09,2.78,2.8,2.79
2002-04-10,2.78,2.8,2.79
2002-04-11,2.82,2.84,2.83
2002-04-12,2.95,2.98,2.965
2002-04-13,2.95,2.98,2.965
2002-04-15,2.93,2.95,2.9400000000000004
2002-04-16,2.8,2.82,2.8099999999999996
2002-04-17,2.87,2.89,2.88
2002-04-18,3.12,3.15,3.135
2002-04-19,3.18,3.21,3.1950000000000003
2002-04-29,2.93,2.95,2.9400000000000004
2002-04-30,3.01,3.03,3.0199999999999996
2002-05-02,3.12,3.15,3.135
2002-05-03,3.18,3.2,3.1900000000000004
2002-05-06,3.19,3.21,3.2
2002-05-07,3.21,3.23,3.2199999999999998
2002-05-08,3.23,3.25,3.24
2002-05-09,3.2,3.22,3.21
2002-05-10,3.29,3.31,3.3
2002-05-13,3.28,3.3,3.29
2002-05-14,3.27,3.3,3.285
2002-05-15,3.25,3.27,3.26
2002-05-16,3.26,3.28,3.2699999999999996
2002-05-17,3.4,3.42,3.41
2002-05-20,3.54,3.57,3.5549999999999997
2002-05-21,3.55,3.57,3.5599999999999996
2002-05-22,3.5,3.52,3.51
2002-05-23,3.47,3.49,3.4800000000000004
2002-05-24,3.55,3.57,3.5599999999999996
2002-05-27,3.52,3.54,3.5300000000000002
2002-05-28,3.52,3.54,3.5300000000000002
2002-05-29,3.6,3.62,3.6100000000000003
2002-05-30,3.63,3.65,3.6399999999999997
2002-05-31,3.6,3.62,3.6100000000000003
2002-06-03,3.63,3.65,3.6399999999999997
2002-06-04,3.64,3.66,3.6500000000000004
2002-06-05,3.65,3.67,3.66
2002-06-06,3.68,3.7,3.6900000000000004
2002-06-07,3.69,3.71,3.7
2002-06-10,3.53,3.55,3.54
2002-06-11,3.52,3.54,3.5300000000000002
2002-06-12,3.51,3.53,3.5199999999999996
2002-06-13,3.53,3.55,3.54
2002-06-14,3.6,3.62,3.6100000000000003
2002-06-18,3.56,3.58,3.5700000000000003
2002-06-19,3.62,3.64,3.63
2002-06-20,3.65,3.67,3.66
2002-06-21,3.73,3.75,3.74
2002-06-24,3.81,3.83,3.8200000000000003
2002-06-25,3.91,3.93,3.92
2002-06-26,3.89,3.91,3.9000000000000004
2002-06-27,3.85,3.87,3.8600000000000003
2002-06-28,3.9,3.92,3.91
2002-07-01,3.81,3.83,3.8200000000000003
2002-07-02,3.68,3.7,3.6900000000000004
2002-07-03,3.62,3.64,3.63
2002-07-04,3.58,3.6,3.59
2002-07-05,3.62,3.64,3.63
2002-07-08,3.57,3.59,3.58
2002-07-10,3.57,3.59,3.58
2002-07-11,3.6,3.62,3.6100000000000003
2002-07-12,3.61,3.63,3.62
2002-07-15,3.61,3.63,3.62
2002-07-16,3.58,3.6,3.59
2002-07-17,3.56,3.58,3.5700000000000003
2002-07-18,3.59,3.61,3.5999999999999996
2002-07-19,3.6,3.62,3.6100000000000003
2002-07-22,3.61,3.63,3.62
2002-07-23,3.66,3.68,3.67
2002-07-24,3.64,3.66,3.6500000000000004
2002-07-25,3.64,3.66,3.6500000000000004
2002-07-26,3.66,3.68,3.67
2002-07-29,3.65,3.67,3.66
2002-07-30,3.65,3.67,3.66
2002-07-31,3.71,3.73,3.7199999999999998
2002-08-01,3.63,3.65,3.6399999999999997
2002-08-02,3.63,3.65,3.6399999999999997
2002-08-05,3.61,3.63,3.62
2002-08-06,3.61,3.63,3.62
2002-08-07,3.62,3.63,3.625
2002-08-08,3.61,3.63,3.62
2002-08-09,3.61,3.63,3.62
2002-08-12,3.61,3.62,3.615
2002-08-13,3.59,3.61,3.5999999999999996
2002-08-14,3.61,3.63,3.62
2002-08-15,3.62,3.63,3.625
2002-08-16,3.63,3.64,3.635
2002-08-20,3.61,3.62,3.615
2002-08-21,3.59,3.6,3.5949999999999998
2002-08-22,3.57,3.58,3.575
2002-08-23,3.61,3.62,3.615
2002-08-26,3.63,3.64,3.635
2002-08-27,3.62,3.63,3.625
2002-08-28,3.61,3.62,3.615
2002-08-29,3.62,3.63,3.625
2002-08-30,3.63,3.64,3.635
2002-09-02,3.61,3.62,3.615
2002-09-03,3.62,3.63,3.625
2002-09-04,3.65,3.66,3.6550000000000002
2002-09-05,3.62,3.63,3.625
2002-09-06,3.62,3.63,3.625
2002-09-09,3.64,3.65,3.645
2002-09-10,3.63,3.64,3.635
2002-09-11,3.62,3.63,3.625
2002-09-12,3.65,3.66,3.6550000000000002
2002-09-13,3.66,3.67,3.665
2002-09-16,3.65,3.66,3.6550000000000002
2002-09-17,3.64,3.65,3.645
2002-09-18,3.64,3.65,3.645
2002-09-19,3.67,3.69,3.6799999999999997
2002-09-20,3.67,3.68,3.675
2002-09-23,3.67,3.68,3.675
2002-09-24,3.68,3.69,3.685
2002-09-25,3.7,3.71,3.705
2002-09-26,3.7,3.71,3.705
2002-09-27,3.75,3.76,3.755
2002-09-30,3.74,3.75,3.745
2002-10-01,3.74,3.75,3.745
2002-10-02,3.76,3.77,3.7649999999999997
2002-10-03,3.77,3.78,3.775
2002-10-04,3.75,3.76,3.755
2002-10-07,3.74,3.75,3.745
2002-10-08,3.74,3.75,3.745
2002-10-09,3.73,3.74,3.7350000000000003
2002-10-10,3.71,3.72,3.715
2002-10-11,3.72,3.73,3.725
2002-10-15,3.68,3.69,3.685
2002-10-16,3.62,3.63,3.625
2002-10-17,3.6,3.61,3.605
2002-10-18,3.63,3.64,3.635
2002-10-21,3.63,3.64,3.635
2002-10-22,3.63,3.64,3.635
2002-10-23,3.62,3.63,3.625
2002-10-24,3.62,3.63,3.625
2002-10-25,3.62,3.63,3.625
2002-10-26,3.62,3.63,3.625
2002-10-28,3.6,3.61,3.605
2002-10-29,3.58,3.59,3.585
2002-10-30,3.54,3.55,3.545
2002-10-31,3.52,3.53,3.525
2002-11-01,3.54,3.55,3.545
2002-11-04,3.57,3.58,3.575
2002-11-05,3.56,3.57,3.565
2002-11-07,3.55,3.56,3.5549999999999997
2002-11-08,3.56,3.57,3.565
2002-11-11,3.56,3.57,3.565
2002-11-12,3.55,3.56,3.5549999999999997
2002-11-13,3.54,3.55,3.545
2002-11-14,3.58,3.59,3.585
2002-11-15,3.58,3.59,3.585
2002-11-18,3.55,3.56,3.5549999999999997
2002-11-19,3.54,3.55,3.545
2002-11-20,3.54,3.55,3.545
2002-11-21,3.55,3.56,3.5549999999999997
2002-11-22,3.55,3.56,3.5549999999999997
2002-11-25,3.54,3.55,3.545
2002-11-26,3.53,3.54,3.535
2002-11-27,3.52,3.53,3.525
2002-11-28,3.59,3.6,3.5949999999999998
2002-11-29,3.65,3.66,3.6550000000000002
2002-12-02,3.61,3.62,3.615
2002-12-03,3.57,3.58,3.575
2002-12-04,3.56,3.57,3.565
2002-12-05,3.57,3.58,3.575
2002-12-06,3.58,3.59,3.585
2002-12-09,3.56,3.57,3.565
2002-12-10,3.54,3.55,3.545
2002-12-11,3.52,3.53,3.525
2002-12-12,3.52,3.53,3.525
2002-12-13,3.55,3.56,3.5549999999999997
2002-12-16,3.55,3.56,3.5549999999999997
2002-12-17,3.56,3.57,3.565
2002-12-18,3.53,3.54,3.535
2002-12-19,3.49,3.51,3.5
2002-12-20,3.5,3.51,3.505
2002-12-23,3.47,3.48,3.475
2002-12-24,3.47,3.48,3.475
2002-12-26,3.43,3.44,3.435
2002-12-27,3.41,3.42,3.415
2002-12-30,3.37,3.38,3.375
2002-12-31,3.36,3.37,3.365
2003-01-02,3.36,3.37,3.365
2003-01-03,3.34,3.35,3.3449999999999998
2003-01-06,3.32,3.33,3.325
2003-01-07,3.27,3.28,3.275
2003-01-08,3.31,3.32,3.315
2003-01-09,3.34,3.35,3.3449999999999998
2003-01-10,3.37,3.38,3.375
2003-01-11,3.37,3.38,3.375
2003-01-13,3.33,3.34,3.335
2003-01-14,3.28,3.29,3.285
2003-01-15,3.26,3.27,3.2649999999999997
2003-01-16,3.27,3.28,3.275
2003-01-17,3.25,3.26,3.255
2003-01-20,3.18,3.19,3.185
2003-01-21,3.1,3.11,3.105
2003-01-22,3.14,3.15,3.145
2003-01-23,3.15,3.16,3.1550000000000002
2003-01-24,3.24,3.25,3.245
2003-01-27,3.33,3.34,3.335
2003-01-28,3.33,3.34,3.335
2003-01-29,3.31,3.32,3.315
2003-01-30,3.27,3.28,3.275
2003-01-31,3.22,3.23,3.225
2003-02-03,3.2,3.21,3.205
2003-02-04,3.17,3.18,3.175
2003-02-05,3.17,3.18,3.175
2003-02-06,3.17,3.18,3.175
2003-02-07,3.17,3.18,3.175
2003-02-10,3.15,3.16,3.1550000000000002
2003-02-11,3.11,3.12,3.115
2003-02-12,3.12,3.13,3.125
2003-02-13,3.15,3.17,3.16
2003-02-14,3.17,3.18,3.175
2003-02-17,3.14,3.15,3.145
2003-02-18,3.19,3.2,3.1950000000000003
2003-02-19,3.21,3.22,3.215
2003-02-20,3.22,3.23,3.225
2003-02-21,3.19,3.2,3.1950000000000003
2003-02-22,3.19,3.2,3.1950000000000003
2003-02-24,3.17,3.18,3.175
2003-02-25,3.15,3.17,3.16
2003-02-26,3.17,3.18,3.175
2003-02-27,3.2,3.21,3.205
2003-02-28,3.19,3.2,3.1950000000000003
2003-03-03,3.21,3.22,3.215
2003-03-04,3.19,3.2,3.1950000000000003
2003-03-05,3.19,3.2,3.1950000000000003
2003-03-06,3.18,3.2,3.1900000000000004
2003-03-07,3.16,3.18,3.17
2003-03-10,3.15,3.16,3.1550000000000002
2003-03-11,3.15,3.16,3.1550000000000002
2003-03-12,3.13,3.14,3.135
2003-03-13,3.13,3.14,3.135
2003-03-14,3.13,3.14,3.135
2003-03-15,3.13,3.14,3.135
2003-03-17,3.11,3.12,3.115
2003-03-18,3.07,3.08,3.075
2003-03-19,3.03,3.04,3.035
2003-03-20,3.05,3.06,3.0549999999999997
2003-03-21,3.03,3.04,3.035
2003-03-22,3.03,3.04,3.035
2003-03-24,2.98,2.99,2.9850000000000003
2003-03-25,2.95,2.96,2.955
2003-03-26,2.89,2.9,2.895
2003-03-27,2.88,2.9,2.8899999999999997
2003-03-28,2.98,2.99,2.9850000000000003
2003-04-01,2.98,2.99,2.9850000000000003
2003-04-02,2.92,2.93,2.925
2003-04-03,2.92,2.93,2.925
2003-04-04,2.91,2.92,2.915
2003-04-05,2.91,2.92,2.915
2003-04-07,2.91,2.92,2.915
2003-04-08,2.92,2.93,2.925
2003-04-09,2.92,2.93,2.925
2003-04-10,2.89,2.9,2.895
2003-04-11,2.89,2.9,2.895
2003-04-14,2.94,2.95,2.9450000000000003
2003-04-15,2.95,2.96,2.955
2003-04-16,2.93,2.94,2.935
2003-04-21,2.89,2.9,2.895
2003-04-22,2.86,2.87,2.865
2003-04-23,2.86,2.87,2.865
2003-04-24,2.88,2.89,2.885
2003-04-25,2.86,2.87,2.865
2003-04-28,2.86,2.87,2.865
2003-04-29,2.85,2.86,2.855
2003-04-30,2.82,2.83,2.825
2003-05-02,2.79,2.8,2.795
2003-05-05,2.8,2.81,2.8049999999999997
2003-05-06,2.8,2.81,2.8049999999999997
2003-05-07,2.8,2.81,2.8049999999999997
2003-05-08,2.76,2.77,2.7649999999999997
2003-05-09,2.77,2.78,2.775
2003-05-10,2.77,2.78,2.775
2003-05-12,2.76,2.77,2.7649999999999997
2003-05-13,2.77,2.78,2.775
2003-05-14,2.79,2.8,2.795
2003-05-15,2.85,2.86,2.855
2003-05-16,2.93,2.94,2.935
2003-05-17,2.93,2.94,2.935
2003-05-19,2.89,2.9,2.895
2003-05-20,2.86,2.87,2.865
2003-05-21,2.85,2.86,2.855
2003-05-22,2.9,2.91,2.9050000000000002
2003-05-23,2.89,2.9,2.895
2003-05-24,2.89,2.9,2.895
2003-05-26,2.87,2.88,2.875
2003-05-27,2.87,2.88,2.875
2003-05-28,2.87,2.88,2.875
2003-05-29,2.87,2.88,2.875
2003-05-30,2.86,2.87,2.865
2003-06-02,2.84,2.85,2.8449999999999998
2003-06-03,2.83,2.84,2.835
2003-06-04,2.83,2.84,2.835
2003-06-05,2.83,2.84,2.835
2003-06-06,2.82,2.83,2.825
2003-06-09,2.8,2.81,2.8049999999999997
2003-06-10,2.8,2.81,2.8049999999999997
2003-06-11,2.83,2.84,2.835
2003-06-12,2.83,2.84,2.835
2003-06-13,2.81,2.82,2.815
2003-06-17,2.8,2.81,2.8049999999999997
2003-06-18,2.79,2.8,2.795
2003-06-19,2.8,2.81,2.8049999999999997
2003-06-20,2.8,2.81,2.8049999999999997
2003-06-23,2.78,2.79,2.785
2003-06-24,2.77,2.78,2.775
2003-06-25,2.77,2.78,2.775
2003-06-26,2.8,2.81,2.8049999999999997
2003-06-27,2.8,2.81,2.8049999999999997
2003-06-28,2.8,2.81,2.8049999999999997
2003-06-30,2.78,2.79,2.785
2003-07-01,2.79,2.8,2.795
2003-07-02,2.79,2.8,2.795
2003-07-03,2.79,2.8,2.795
2003-07-04,2.79,2.8,2.795
2003-07-07,2.78,2.79,2.785
2003-07-08,2.77,2.78,2.775
2003-07-10,2.77,2.78,2.775
2003-07-11,2.76,2.77,2.7649999999999997
2003-07-14,2.77,2.78,2.775
2003-07-15,2.77,2.78,2.775
2003-07-16,2.77,2.78,2.775
2003-07-17,2.79,2.8,2.795
2003-07-18,2.8,2.81,2.8049999999999997
2003-07-21,2.78,2.79,2.785
2003-07-22,2.78,2.79,2.785
2003-07-23,2.78,2.79,2.785
2003-07-24,2.81,2.82,2.815
2003-07-25,2.81,2.82,2.815
2003-07-26,2.81,2.82,2.815
2003-07-28,2.82,2.83,2.825
2003-07-29,2.84,2.85,2.8449999999999998
2003-07-30,2.9,2.91,2.9050000000000002
2003-07-31,2.91,2.92,2.915
2003-08-01,2.93,2.94,2.935
2003-08-02,2.93,2.94,2.935
2003-08-04,2.95,2.96,2.955
2003-08-05,2.92,2.93,2.925
2003-08-06,2.93,2.94,2.935
2003-08-07,2.92,2.93,2.925
2003-08-08,2.92,2.93,2.925
2003-08-11,2.91,2.92,2.915
2003-08-12,2.89,2.9,2.895
2003-08-13,2.88,2.89,2.885
2003-08-14,2.9,2.91,2.9050000000000002
2003-08-15,2.89,2.9,2.895
2003-08-19,2.89,2.9,2.895
2003-08-20,2.91,2.92,2.915
2003-08-21,2.95,2.96,2.955
2003-08-22,2.94,2.95,2.9450000000000003
2003-08-25,2.92,2.93,2.925
2003-08-26,2.93,2.94,2.935
2003-08-27,2.96,2.97,2.965
2003-08-28,2.94,2.95,2.9450000000000003
2003-08-29,2.95,2.96,2.955
2003-08-30,2.95,2.96,2.955
2003-08-31,2.95,2.96,2.955
2003-09-01,2.95,2.96,2.955
2003-09-02,2.97,2.98,2.975
2003-09-03,2.97,2.98,2.975
2003-09-04,2.96,2.97,2.965
2003-09-05,2.93,2.94,2.935
2003-09-08,2.95,2.96,2.955
2003-09-09,2.96,2.97,2.965
2003-09-10,2.94,2.95,2.9450000000000003
2003-09-11,2.9,2.91,2.9050000000000002
2003-09-12,2.9,2.91,2.9050000000000002
2003-09-15,2.9,2.91,2.9050000000000002
2003-09-16,2.9,2.91,2.9050000000000002
2003-09-17,2.91,2.92,2.915
2003-09-18,2.91,2.92,2.915
2003-09-19,2.91,2.92,2.915
2003-09-22,2.91,2.92,2.915
2003-09-23,2.9,2.91,2.9050000000000002
2003-09-24,2.9,2.91,2.9050000000000002
2003-09-25,2.9,2.91,2.9050000000000002
2003-09-26,2.9,2.91,2.9050000000000002
2003-09-29,2.91,2.92,2.915
2003-09-30,2.91,2.92,2.915
2003-10-01,2.9,2.91,2.9050000000000002
2003-10-02,2.9,2.91,2.9050000000000002
2003-10-03,2.89,2.9,2.895
2003-10-06,2.87,2.88,2.875
2003-10-07,2.88,2.89,2.885
2003-10-08,2.87,2.88,2.875
2003-10-09,2.85,2.86,2.855
2003-10-10,2.85,2.86,2.855
2003-10-14,2.84,2.85,2.8449999999999998
2003-10-15,2.85,2.86,2.855
2003-10-16,2.85,2.86,2.855
2003-10-17,2.85,2.86,2.855
2003-10-20,2.85,2.86,2.855
2003-10-21,2.85,2.86,2.855
2003-10-22,2.85,2.86,2.855
2003-10-23,2.85,2.86,2.855
2003-10-24,2.84,2.85,2.8449999999999998
2003-10-27,2.84,2.85,2.8449999999999998
2003-10-28,2.85,2.86,2.855
2003-10-29,2.85,2.86,2.855
2003-10-30,2.87,2.88,2.875
2003-10-31,2.86,2.87,2.865
2003-11-01,2.86,2.87,2.865
2003-11-03,2.85,2.86,2.855
2003-11-04,2.85,2.86,2.855
2003-11-05,2.85,2.86,2.855
2003-11-06,2.85,2.86,2.855
2003-11-07,2.84,2.85,2.8449999999999998
2003-11-08,2.84,2.85,2.8449999999999998
2003-11-10,2.85,2.86,2.855
2003-11-11,2.85,2.86,2.855
2003-11-12,2.85,2.86,2.855
2003-11-13,2.86,2.87,2.865
2003-11-14,2.86,2.87,2.865
2003-11-15,2.86,2.87,2.865
2003-11-17,2.86,2.87,2.865
2003-11-18,2.85,2.86,2.855
2003-11-19,2.87,2.88,2.875
2003-11-20,2.88,2.89,2.885
2003-11-21,2.88,2.89,2.885
2003-11-22,2.88,2.89,2.885
2003-11-24,2.89,2.9,2.895
2003-11-25,2.91,2.92,2.915
2003-11-26,2.97,2.98,2.975
2003-11-27,2.95,2.96,2.955
2003-11-28,2.96,2.97,2.965
2003-12-01,2.95,2.96,2.955
2003-12-02,2.96,2.97,2.965
2003-12-03,2.96,2.97,2.965
2003-12-04,2.96,2.97,2.965
2003-12-05,2.96,2.97,2.965
2003-12-09,2.94,2.95,2.9450000000000003
2003-12-10,2.93,2.94,2.935
2003-12-11,2.95,2.96,2.955
2003-12-12,2.95,2.96,2.955
2003-12-13,2.95,2.96,2.955
2003-12-15,2.95,2.96,2.955
2003-12-16,2.96,2.97,2.965
2003-12-17,2.96,2.97,2.965
2003-12-18,2.96,2.97,2.965
2003-12-19,2.96,2.97,2.965
2003-12-20,2.96,2.97,2.965
2003-12-22,2.96,2.97,2.965
2003-12-23,2.95,2.96,2.955
2003-12-24,2.95,2.96,2.955
2003-12-26,2.96,2.97,2.965
2003-12-27,2.96,2.97,2.965
2003-12-29,2.95,2.96,2.955
2003-12-30,2.95,2.96,2.955
2003-12-31,2.95,2.96,2.955
2004-01-02,2.94,2.95,2.9450000000000003
2004-01-05,2.91,2.92,2.915
2004-01-06,2.9,2.91,2.9050000000000002
2004-01-07,2.91,2.92,2.915
2004-01-08,2.91,2.92,2.915
2004-01-09,2.9,2.91,2.9050000000000002
2004-01-10,2.9,2.91,2.9050000000000002
2004-01-12,2.87,2.88,2.875
2004-01-13,2.88,2.89,2.885
2004-01-14,2.9,2.91,2.9050000000000002
2004-01-15,2.88,2.89,2.885
2004-01-16,2.9,2.91,2.9050000000000002
2004-01-19,2.9,2.9,2.9
2004-01-20,2.89,2.9,2.895
2004-01-21,2.91,2.92,2.915
2004-01-22,2.9,2.91,2.9050000000000002
2004-01-26,2.91,2.92,2.915
2004-01-27,2.91,2.92,2.915
2004-01-28,2.91,2.92,2.915
2004-01-29,2.93,2.94,2.935
2004-01-30,2.91,2.92,2.915
2004-01-31,2.91,2.92,2.915
2004-02-02,2.91,2.92,2.915
2004-02-03,2.92,2.93,2.925
2004-02-04,2.92,2.93,2.925
2004-02-05,2.94,2.95,2.9450000000000003
2004-02-06,2.95,2.96,2.955
2004-02-09,2.93,2.94,2.935
2004-02-10,2.94,2.94,2.94
2004-02-11,2.94,2.95,2.9450000000000003
2004-02-12,2.93,2.94,2.935
2004-02-13,2.92,2.93,2.925
2004-02-14,2.92,2.93,2.925
2004-02-16,2.92,2.93,2.925
2004-02-17,2.93,2.94,2.935
2004-02-18,2.94,2.94,2.94
2004-02-19,2.94,2.95,2.9450000000000003
2004-02-20,2.94,2.95,2.9450000000000003
2004-02-23,2.93,2.94,2.935
2004-02-24,2.93,2.93,2.93
2004-02-25,2.93,2.94,2.935
2004-02-26,2.94,2.94,2.94
2004-02-27,2.93,2.93,2.93
2004-02-28,2.93,2.93,2.93
2004-02-29,2.93,2.93,2.93
2004-03-01,2.92,2.92,2.92
2004-03-02,2.92,2.93,2.925
2004-03-03,2.92,2.92,2.92
2004-03-04,2.93,2.93,2.93
2004-03-05,2.93,2.94,2.935
2004-03-06,2.93,2.94,2.935
2004-03-08,2.94,2.94,2.94
2004-03-09,2.92,2.93,2.925
2004-03-10,2.92,2.93,2.925
2004-03-11,2.92,2.93,2.925
2004-03-12,2.93,2.93,2.93
2004-03-13,2.93,2.93,2.93
2004-03-15,2.92,2.93,2.925
2004-03-16,2.92,2.92,2.92
2004-03-17,2.91,2.91,2.91
2004-03-18,2.91,2.91,2.91
2004-03-19,2.9,2.91,2.9050000000000002
2004-03-22,2.89,2.9,2.895
2004-03-23,2.89,2.9,2.895
2004-03-24,2.89,2.9,2.895
2004-03-25,2.9,2.9,2.9
2004-03-26,2.9,2.9,2.9
2004-03-29,2.89,2.9,2.895
2004-03-30,2.88,2.88,2.88
2004-03-31,2.87,2.87,2.87
2004-04-01,2.86,2.87,2.865
2004-04-02,2.86,2.87,2.865
2004-04-03,2.86,2.87,2.865
2004-04-06,2.84,2.85,2.8449999999999998
2004-04-07,2.81,2.82,2.815
2004-04-08,2.81,2.82,2.815
2004-04-12,2.82,2.83,2.825
2004-04-13,2.82,2.83,2.825
2004-04-14,2.82,2.83,2.825
2004-04-15,2.83,2.83,2.83
2004-04-16,2.83,2.83,2.83
2004-04-17,2.83,2.83,2.83
2004-04-18,2.83,2.83,2.83
2004-04-19,2.83,2.84,2.835
2004-04-20,2.84,2.84,2.84
2004-04-21,2.85,2.86,2.855
2004-04-22,2.87,2.88,2.875
2004-04-23,2.86,2.87,2.865
2004-04-26,2.84,2.85,2.8449999999999998
2004-04-27,2.84,2.85,2.8449999999999998
2004-04-28,2.86,2.86,2.86
2004-04-29,2.86,2.86,2.86
2004-04-30,2.84,2.84,2.84
2004-05-03,2.85,2.86,2.855
2004-05-04,2.86,2.86,2.86
2004-05-05,2.86,2.87,2.865
2004-05-06,2.89,2.89,2.89
2004-05-07,2.91,2.92,2.915
2004-05-08,2.91,2.92,2.915
2004-05-10,2.92,2.92,2.92
2004-05-11,2.91,2.92,2.915
2004-05-12,2.93,2.93,2.93
2004-05-13,2.93,2.93,2.93
2004-05-14,2.91,2.92,2.915
2004-05-15,2.91,2.92,2.915
2004-05-17,2.92,2.93,2.925
2004-05-18,2.92,2.93,2.925
2004-05-19,2.92,2.93,2.925
2004-05-20,2.93,2.94,2.935
2004-05-21,2.95,2.96,2.955
2004-05-24,2.96,2.96,2.96
2004-05-26,2.96,2.96,2.96
2004-05-27,2.96,2.97,2.965
2004-05-28,2.95,2.96,2.955
2004-05-29,2.95,2.96,2.955
2004-05-31,2.96,2.97,2.965
2004-06-01,2.96,2.97,2.965
2004-06-02,2.95,2.96,2.955
2004-06-03,2.97,2.97,2.97
2004-06-04,2.96,2.97,2.965
2004-06-07,2.96,2.97,2.965
2004-06-08,2.96,2.97,2.965
2004-06-09,2.96,2.97,2.965
2004-06-10,2.97,2.97,2.97
2004-06-11,2.97,2.97,2.97
2004-06-14,2.97,2.97,2.97
2004-06-15,2.96,2.97,2.965
2004-06-16,2.96,2.97,2.965
2004-06-17,2.97,2.97,2.97
2004-06-18,2.97,2.98,2.975
2004-06-22,2.97,2.97,2.97
2004-06-23,2.95,2.96,2.955
2004-06-24,2.96,2.96,2.96
2004-06-25,2.96,2.96,2.96
2004-06-28,2.96,2.97,2.965
2004-06-29,2.96,2.97,2.965
2004-06-30,2.96,2.96,2.96
2004-07-01,2.96,2.96,2.96
2004-07-02,2.95,2.96,2.955
2004-07-05,2.94,2.95,2.9450000000000003
2004-07-06,2.95,2.95,2.95
2004-07-07,2.96,2.96,2.96
2004-07-08,2.96,2.96,2.96
2004-07-12,2.96,2.96,2.96
2004-07-13,2.96,2.96,2.96
2004-07-14,2.96,2.96,2.96
2004-07-15,2.96,2.96,2.96
2004-07-16,2.96,2.96,2.96
2004-07-19,2.96,2.96,2.96
2004-07-20,2.96,2.96,2.96
2004-07-21,2.96,2.96,2.96
2004-07-22,2.96,2.97,2.965
2004-07-23,2.97,2.97,2.97
2004-07-26,2.97,2.98,2.975
2004-07-27,2.97,2.98,2.975
2004-07-28,2.97,2.98,2.975
2004-07-29,2.97,2.98,2.975
2004-07-30,2.97,2.98,2.975
2004-08-02,2.98,2.99,2.9850000000000003
2004-08-03,2.99,2.99,2.99
2004-08-04,3.02,3.03,3.025
2004-08-05,3.05,3.06,3.0549999999999997
2004-08-06,3.05,3.06,3.0549999999999997
2004-08-09,3.03,3.03,3.03
2004-08-10,3.02,3.03,3.025
2004-08-11,3.03,3.03,3.03
2004-08-12,3.02,3.03,3.025
2004-08-13,3.02,3.03,3.025
2004-08-17,3.01,3.02,3.0149999999999997
2004-08-18,3.01,3.02,3.0149999999999997
2004-08-19,3.01,3.02,3.0149999999999997
2004-08-20,3.01,3.02,3.0149999999999997
2004-08-23,3.01,3.02,3.0149999999999997
2004-08-24,3.01,3.01,3.01
2004-08-25,3.0,3.01,3.005
2004-08-26,3.03,3.03,3.03
2004-08-27,3.01,3.02,3.0149999999999997
2004-08-30,3.01,3.02,3.0149999999999997
2004-08-31,3.0,3.01,3.005
2004-09-01,3.02,3.02,3.02
2004-09-02,3.01,3.02,3.0149999999999997
2004-09-03,3.01,3.01,3.01
2004-09-06,3.01,3.01,3.01
2004-09-07,3.0,3.01,3.005
2004-09-08,3.01,3.01,3.01
2004-09-09,3.01,3.01,3.01
2004-09-10,3.01,3.02,3.0149999999999997
2004-09-13,3.01,3.01,3.01
2004-09-14,3.0,3.01,3.005
2004-09-15,3.0,3.01,3.005
2004-09-16,3.0,3.0,3.0
2004-09-17,3.0,3.0,3.0
2004-09-20,3.0,3.01,3.005
2004-09-21,3.01,3.02,3.0149999999999997
2004-09-22,3.01,3.01,3.01
2004-09-23,3.0,3.01,3.005
2004-09-24,3.01,3.01,3.01
2004-09-27,3.0,3.01,3.005
2004-09-28,3.0,3.0,3.0
2004-09-29,3.0,3.0,3.0
2004-09-30,2.99,3.0,2.995
2004-10-01,2.99,2.99,2.99
2004-10-04,2.98,2.98,2.98
2004-10-05,2.98,2.98,2.98
2004-10-06,2.98,2.98,2.98
2004-10-07,2.98,2.98,2.98
2004-10-08,2.97,2.98,2.975
2004-10-11,2.97,2.98,2.975
2004-10-12,2.97,2.97,2.97
2004-10-13,2.97,2.98,2.975
2004-10-14,2.97,2.98,2.975
2004-10-15,2.97,2.98,2.975
2004-10-18,2.96,2.97,2.965
2004-10-19,2.97,2.97,2.97
2004-10-20,2.97,2.97,2.97
2004-10-21,2.97,2.98,2.975
2004-10-22,2.98,2.98,2.98
2004-10-25,2.97,2.98,2.975
2004-10-26,2.97,2.98,2.975
2004-10-27,2.97,2.98,2.975
2004-10-28,2.99,2.99,2.99
2004-10-29,2.96,2.97,2.965
2004-11-01,2.96,2.97,2.965
2004-11-02,2.95,2.95,2.95
2004-11-03,2.96,2.96,2.96
2004-11-04,2.96,2.96,2.96
2004-11-05,2.96,2.96,2.96
2004-11-08,2.96,2.97,2.965
2004-11-09,2.96,2.96,2.96
2004-11-10,2.96,2.96,2.96
2004-11-11,2.96,2.97,2.965
2004-11-12,2.96,2.96,2.96
2004-11-15,2.96,2.96,2.96
2004-11-16,2.95,2.96,2.955
2004-11-17,2.94,2.95,2.9450000000000003
2004-11-18,2.95,2.95,2.95
2004-11-19,2.95,2.95,2.95
2004-11-22,2.95,2.96,2.955
2004-11-23,2.95,2.95,2.95
2004-11-24,2.95,2.95,2.95
2004-11-25,2.95,2.95,2.95
2004-11-26,2.94,2.95,2.9450000000000003
2004-11-29,2.94,2.95,2.9450000000000003
2004-11-30,2.93,2.94,2.935
2004-12-01,2.93,2.94,2.935
2004-12-02,2.95,2.96,2.955
2004-12-03,2.96,2.96,2.96
2004-12-06,2.96,2.97,2.965
2004-12-07,2.97,2.97,2.97
2004-12-09,2.96,2.96,2.96
2004-12-10,2.96,2.96,2.96
2004-12-13,2.96,2.96,2.96
2004-12-14,2.97,2.97,2.97
2004-12-15,2.97,2.98,2.975
2004-12-16,2.99,2.99,2.99
2004-12-17,2.98,2.98,2.98
2004-12-20,2.96,2.97,2.965
2004-12-21,2.96,2.97,2.965
2004-12-22,2.98,2.98,2.98
2004-12-23,2.97,2.98,2.975
2004-12-24,2.97,2.97,2.97
2004-12-27,2.98,2.98,2.98
2004-12-28,2.99,2.99,2.99
2004-12-29,2.98,2.98,2.98
2004-12-30,2.97,2.98,2.975
2004-12-31,2.97,2.98,2.975
2005-01-03,2.98,2.98,2.98
2005-01-04,2.97,2.98,2.975
2005-01-05,2.97,2.98,2.975
2005-01-06,2.98,2.98,2.98
2005-01-07,2.98,2.98,2.98
2005-01-10,2.97,2.98,2.975
2005-01-11,2.97,2.98,2.975
2005-01-12,2.97,2.97,2.97
2005-01-13,2.96,2.96,2.96
2005-01-14,2.96,2.96,2.96
2005-01-17,2.95,2.96,2.955
2005-01-18,2.95,2.96,2.955
2005-01-19,2.96,2.96,2.96
2005-01-20,2.96,2.97,2.965
2005-01-21,2.96,2.97,2.965
2005-01-24,2.95,2.96,2.955
2005-01-25,2.94,2.95,2.9450000000000003
2005-01-26,2.94,2.95,2.9450000000000003
2005-01-27,2.94,2.95,2.9450000000000003
2005-01-28,2.94,2.95,2.9450000000000003
2005-01-31,2.93,2.94,2.935
2005-02-01,2.92,2.93,2.925
2005-02-02,2.92,2.93,2.925
2005-02-03,2.92,2.93,2.925
2005-02-04,2.92,2.93,2.925
2005-02-07,2.92,2.93,2.925
2005-02-08,2.92,2.93,2.925
2005-02-09,2.92,2.92,2.92
2005-02-10,2.92,2.92,2.92
2005-02-11,2.92,2.92,2.92
2005-02-14,2.91,2.92,2.915
2005-02-15,2.91,2.92,2.915
2005-02-16,2.9,2.9,2.9
2005-02-17,2.9,2.91,2.9050000000000002
2005-02-18,2.91,2.92,2.915
2005-02-21,2.91,2.91,2.91
2005-02-22,2.91,2.92,2.915
2005-02-23,2.92,2.93,2.925
2005-02-24,2.92,2.93,2.925
2005-02-25,2.91,2.92,2.915
2005-02-28,2.91,2.92,2.915
2005-03-01,2.93,2.94,2.935
2005-03-02,2.94,2.95,2.9450000000000003
2005-03-03,2.93,2.94,2.935
2005-03-04,2.92,2.93,2.925
2005-03-07,2.92,2.93,2.925
2005-03-08,2.93,2.93,2.93
2005-03-09,2.93,2.94,2.935
2005-03-10,2.93,2.93,2.93
2005-03-11,2.91,2.91,2.91
2005-03-14,2.91,2.92,2.915
2005-03-15,2.91,2.92,2.915
2005-03-16,2.92,2.93,2.925
2005-03-17,2.92,2.92,2.92
2005-03-18,2.92,2.92,2.92
2005-03-21,2.92,2.92,2.92
2005-03-22,2.91,2.92,2.915
2005-03-23,2.92,2.92,2.92
2005-03-24,2.92,2.92,2.92
2005-03-28,2.92,2.93,2.925
2005-03-29,2.92,2.93,2.925
2005-03-30,2.92,2.93,2.925
2005-03-31,2.92,2.93,2.925
2005-04-01,2.93,2.93,2.93
2005-04-04,2.93,2.93,2.93
2005-04-05,2.92,2.93,2.925
2005-04-06,2.91,2.92,2.915
2005-04-07,2.91,2.91,2.91
2005-04-08,2.91,2.92,2.915
2005-04-11,2.91,2.91,2.91
2005-04-12,2.9,2.91,2.9050000000000002
2005-04-13,2.9,2.9,2.9
2005-04-14,2.91,2.92,2.915
2005-04-15,2.92,2.92,2.92
2005-04-18,2.91,2.92,2.915
2005-04-19,2.9,2.91,2.9050000000000002
2005-04-20,2.9,2.91,2.9050000000000002
2005-04-21,2.9,2.91,2.9050000000000002
2005-04-22,2.9,2.91,2.9050000000000002
2005-04-25,2.9,2.91,2.9050000000000002
2005-04-26,2.9,2.91,2.9050000000000002
2005-04-27,2.9,2.91,2.9050000000000002
2005-04-28,2.91,2.92,2.915
2005-04-29,2.9,2.91,2.9050000000000002
2005-05-02,2.9,2.9,2.9
2005-05-03,2.9,2.9,2.9
2005-05-04,2.9,2.9,2.9
2005-05-05,2.9,2.91,2.9050000000000002
2005-05-06,2.9,2.91,2.9050000000000002
2005-05-09,2.9,2.9,2.9
2005-05-10,2.89,2.9,2.895
2005-05-11,2.9,2.9,2.9
2005-05-12,2.9,2.9,2.9
2005-05-13,2.89,2.9,2.895
2005-05-16,2.89,2.89,2.89
2005-05-17,2.89,2.89,2.89
2005-05-18,2.89,2.9,2.895
2005-05-19,2.9,2.9,2.9
2005-05-20,2.9,2.9,2.9
2005-05-23,2.9,2.9,2.9
2005-05-24,2.89,2.9,2.895
2005-05-26,2.9,2.9,2.9
2005-05-27,2.9,2.9,2.9
2005-05-30,2.89,2.9,2.895
2005-05-31,2.89,2.89,2.89
2005-06-01,2.89,2.89,2.89
2005-06-02,2.89,2.89,2.89
2005-06-03,2.9,2.9,2.9
2005-06-06,2.89,2.9,2.895
2005-06-07,2.89,2.9,2.895
2005-06-08,2.89,2.9,2.895
2005-06-09,2.89,2.9,2.895
2005-06-10,2.89,2.9,2.895
2005-06-13,2.89,2.89,2.89
2005-06-14,2.89,2.89,2.89
2005-06-15,2.89,2.89,2.89
2005-06-16,2.89,2.89,2.89
2005-06-17,2.89,2.9,2.895
2005-06-21,2.88,2.88,2.88
2005-06-22,2.87,2.87,2.87
2005-06-23,2.87,2.88,2.875
2005-06-24,2.89,2.89,2.89
2005-06-27,2.89,2.89,2.89
2005-06-28,2.89,2.89,2.89
2005-06-29,2.89,2.89,2.89
2005-06-30,2.88,2.88,2.88
2005-07-01,2.88,2.88,2.88
2005-07-04,2.87,2.87,2.87
2005-07-05,2.87,2.88,2.875
2005-07-06,2.87,2.88,2.875
2005-07-07,2.87,2.87,2.87
2005-07-08,2.86,2.87,2.865
2005-07-11,2.87,2.87,2.87
2005-07-12,2.88,2.88,2.88
2005-07-13,2.88,2.88,2.88
2005-07-14,2.87,2.87,2.87
2005-07-15,2.87,2.88,2.875
2005-07-18,2.87,2.87,2.87
2005-07-19,2.87,2.87,2.87
2005-07-20,2.87,2.87,2.87
2005-07-21,2.87,2.87,2.87
2005-07-22,2.87,2.87,2.87
2005-07-25,2.87,2.87,2.87
2005-07-26,2.87,2.87,2.87
2005-07-27,2.87,2.87,2.87
2005-07-28,2.87,2.87,2.87
2005-07-29,2.87,2.87,2.87
2005-08-01,2.86,2.86,2.86
2005-08-02,2.85,2.85,2.85
2005-08-03,2.85,2.85,2.85
2005-08-04,2.85,2.86,2.855
2005-08-05,2.85,2.85,2.85
2005-08-08,2.85,2.86,2.855
2005-08-09,2.86,2.86,2.86
2005-08-10,2.86,2.86,2.86
2005-08-11,2.87,2.87,2.87
2005-08-12,2.88,2.88,2.88
2005-08-16,2.87,2.88,2.875
2005-08-17,2.88,2.88,2.88
2005-08-18,2.88,2.88,2.88
2005-08-19,2.9,2.9,2.9
2005-08-22,2.9,2.9,2.9
2005-08-23,2.9,2.9,2.9
2005-08-24,2.9,2.91,2.9050000000000002
2005-08-25,2.9,2.91,2.9050000000000002
2005-08-26,2.91,2.91,2.91
2005-08-29,2.91,2.91,2.91
2005-08-30,2.91,2.91,2.91
2005-08-31,2.91,2.91,2.91
2005-09-01,2.9,2.9,2.9
2005-09-02,2.89,2.9,2.895
2005-09-05,2.88,2.89,2.885
2005-09-06,2.89,2.89,2.89
2005-09-07,2.89,2.89,2.89
2005-09-08,2.89,2.89,2.89
2005-09-09,2.9,2.91,2.9050000000000002
2005-09-12,2.9,2.91,2.9050000000000002
2005-09-13,2.91,2.91,2.91
2005-09-14,2.9,2.91,2.9050000000000002
2005-09-15,2.9,2.91,2.9050000000000002
2005-09-16,2.9,2.91,2.9050000000000002
2005-09-19,2.91,2.91,2.91
2005-09-20,2.91,2.91,2.91
2005-09-21,2.91,2.91,2.91
2005-09-22,2.91,2.91,2.91
2005-09-23,2.91,2.91,2.91
2005-09-26,2.91,2.91,2.91
2005-09-27,2.91,2.91,2.91
2005-09-28,2.91,2.91,2.91
2005-09-29,2.91,2.91,2.91
2005-09-30,2.91,2.91,2.91
2005-10-03,2.9,2.9,2.9
2005-10-04,2.9,2.91,2.9050000000000002
2005-10-05,2.91,2.91,2.91
2005-10-06,2.92,2.93,2.925
2005-10-07,2.91,2.92,2.915
2005-10-11,2.92,2.92,2.92
2005-10-12,2.94,2.94,2.94
2005-10-13,2.97,2.97,2.97
2005-10-14,2.96,2.96,2.96
2005-10-17,2.96,2.96,2.96
2005-10-18,2.97,2.97,2.97
2005-10-19,2.97,2.97,2.97
2005-10-20,2.98,2.98,2.98
2005-10-21,2.98,2.98,2.98
2005-10-24,2.97,2.97,2.97
2005-10-25,2.98,2.99,2.9850000000000003
2005-10-26,3.0,3.0,3.0
2005-10-27,3.02,3.02,3.02
2005-10-28,3.01,3.02,3.0149999999999997
2005-10-31,3.0,3.0,3.0
2005-11-01,2.99,3.0,2.995
2005-11-02,2.98,2.98,2.98
2005-11-03,2.98,2.99,2.9850000000000003
2005-11-04,2.99,2.99,2.99
2005-11-07,2.98,2.99,2.9850000000000003
2005-11-08,2.98,2.99,2.9850000000000003
2005-11-09,2.98,2.99,2.9850000000000003
2005-11-10,2.99,2.99,2.99
2005-11-11,2.98,2.99,2.9850000000000003
2005-11-14,2.98,2.98,2.98
2005-11-15,2.98,2.98,2.98
2005-11-16,2.98,2.98,2.98
2005-11-17,2.98,2.98,2.98
2005-11-18,2.97,2.98,2.975
2005-11-21,2.97,2.97,2.97
2005-11-22,2.97,2.97,2.97
2005-11-23,2.98,2.98,2.98
2005-11-24,2.98,2.98,2.98
2005-11-25,2.99,2.99,2.99
2005-11-28,3.0,3.0,3.0
2005-11-29,2.99,2.99,2.99
2005-11-30,2.98,2.98,2.98
2005-12-01,2.98,2.98,2.98
2005-12-02,2.98,2.98,2.98
2005-12-05,2.99,2.99,2.99
2005-12-06,2.98,2.99,2.9850000000000003
2005-12-07,2.99,2.99,2.99
2005-12-09,2.99,2.99,2.99
2005-12-12,3.0,3.0,3.0
2005-12-13,3.0,3.0,3.0
2005-12-14,3.01,3.01,3.01
2005-12-15,3.01,3.02,3.0149999999999997
2005-12-16,3.03,3.04,3.035
2005-12-19,3.03,3.03,3.03
2005-12-20,3.03,3.04,3.035
2005-12-21,3.04,3.04,3.04
2005-12-22,3.04,3.05,3.045
2005-12-23,3.04,3.05,3.045
2005-12-26,3.04,3.05,3.045
2005-12-27,3.07,3.07,3.07
2005-12-28,3.06,3.06,3.06
2005-12-29,3.04,3.05,3.045
2005-12-30,3.05,3.05,3.05
2006-01-02,3.05,3.05,3.05
2006-01-03,3.05,3.05,3.05
2006-01-04,3.06,3.06,3.06
2006-01-05,3.07,3.07,3.07
2006-01-06,3.07,3.08,3.075
2006-01-09,3.08,3.09,3.085
2006-01-10,3.08,3.08,3.08
2006-01-11,3.07,3.08,3.075
2006-01-12,3.07,3.07,3.07
2006-01-13,3.08,3.08,3.08
2006-01-16,3.07,3.07,3.07
2006-01-17,3.07,3.07,3.07
2006-01-18,3.08,3.08,3.08
2006-01-19,3.08,3.08,3.08
2006-01-20,3.07,3.08,3.075
2006-01-23,3.07,3.07,3.07
2006-01-24,3.07,3.07,3.07
2006-01-25,3.07,3.08,3.075
2006-01-26,3.08,3.08,3.08
2006-01-27,3.07,3.07,3.07
2006-01-30,3.07,3.08,3.075
2006-01-31,3.07,3.07,3.07
2006-02-01,3.08,3.08,3.08
2006-02-02,3.07,3.08,3.075
2006-02-03,3.08,3.08,3.08
2006-02-06,3.08,3.08,3.08
2006-02-07,3.08,3.08,3.08
2006-02-08,3.08,3.08,3.08
2006-02-09,3.08,3.09,3.085
2006-02-13,3.09,3.09,3.09
2006-02-14,3.08,3.09,3.085
2006-02-15,3.08,3.09,3.085
2006-02-16,3.09,3.09,3.09
2006-02-17,3.09,3.09,3.09
2006-02-20,3.08,3.08,3.08
2006-02-21,3.08,3.08,3.08
2006-02-22,3.09,3.09,3.09
2006-02-23,3.09,3.09,3.09
2006-02-24,3.08,3.09,3.085
2006-02-27,3.08,3.08,3.08
2006-02-28,3.07,3.08,3.075
2006-03-01,3.07,3.07,3.07
2006-03-02,3.08,3.08,3.08
2006-03-03,3.08,3.08,3.08
2006-03-06,3.08,3.08,3.08
2006-03-07,3.08,3.08,3.08
2006-03-08,3.08,3.08,3.08
2006-03-09,3.08,3.08,3.08
2006-03-10,3.08,3.08,3.08
2006-03-13,3.08,3.08,3.08
2006-03-14,3.08,3.09,3.085
2006-03-15,3.08,3.09,3.085
2006-03-16,3.09,3.09,3.09
2006-03-17,3.09,3.09,3.09
2006-03-20,3.09,3.09,3.09
2006-03-21,3.08,3.09,3.085
2006-03-22,3.09,3.1,3.0949999999999998
2006-03-23,3.1,3.1,3.1
2006-03-27,3.1,3.1,3.1
2006-03-28,3.09,3.1,3.0949999999999998
2006-03-29,3.09,3.09,3.09
2006-03-30,3.09,3.1,3.0949999999999998
2006-04-03,3.09,3.09,3.09
2006-04-04,3.09,3.09,3.09
2006-04-05,3.09,3.1,3.0949999999999998
2006-04-06,3.1,3.1,3.1
2006-04-07,3.1,3.1,3.1
2006-04-10,3.09,3.09,3.09
2006-04-11,3.1,3.1,3.1
2006-04-12,3.09,3.09,3.09
2006-04-13,3.09,3.09,3.09
2006-04-17,3.09,3.09,3.09
2006-04-18,3.09,3.09,3.09
2006-04-19,3.08,3.09,3.085
2006-04-20,3.09,3.09,3.09
2006-04-21,3.08,3.09,3.085
2006-04-24,3.07,3.08,3.075
2006-04-25,3.06,3.07,3.065
2006-04-26,3.06,3.07,3.065
2006-04-27,3.06,3.06,3.06
2006-04-28,3.06,3.06,3.06
2006-05-02,3.06,3.06,3.06
2006-05-03,3.05,3.05,3.05
2006-05-04,3.05,3.05,3.05
2006-05-05,3.06,3.06,3.06
2006-05-08,3.05,3.05,3.05
2006-05-09,3.06,3.06,3.06
2006-05-10,3.06,3.06,3.06
2006-05-11,3.06,3.07,3.065
2006-05-12,3.06,3.07,3.065
2006-05-15,3.06,3.06,3.06
2006-05-16,3.06,3.06,3.06
2006-05-17,3.07,3.07,3.07
2006-05-18,3.07,3.08,3.075
2006-05-19,3.07,3.07,3.07
2006-05-22,3.08,3.08,3.08
2006-05-23,3.08,3.08,3.08
2006-05-24,3.09,3.09,3.09
2006-05-26,3.08,3.09,3.085
2006-05-29,3.08,3.08,3.08
2006-05-30,3.08,3.08,3.08
2006-05-31,3.09,3.1,3.0949999999999998
2006-06-01,3.09,3.09,3.09
2006-06-02,3.1,3.1,3.1
2006-06-05,3.09,3.1,3.0949999999999998
2006-06-06,3.09,3.09,3.09
2006-06-07,3.09,3.1,3.0949999999999998
2006-06-08,3.1,3.1,3.1
2006-06-09,3.1,3.1,3.1
2006-06-12,3.1,3.1,3.1
2006-06-13,3.1,3.1,3.1
2006-06-14,3.1,3.1,3.1
2006-06-15,3.1,3.1,3.1
2006-06-16,3.1,3.1,3.1
2006-06-19,3.1,3.1,3.1
2006-06-20,3.09,3.1,3.0949999999999998
2006-06-21,3.09,3.09,3.09
2006-06-22,3.09,3.1,3.0949999999999998
2006-06-23,3.09,3.1,3.0949999999999998
2006-06-26,3.1,3.1,3.1
2006-06-27,3.1,3.1,3.1
2006-06-28,3.1,3.11,3.105
2006-06-29,3.1,3.11,3.105
2006-06-30,3.1,3.1,3.1
2006-07-03,3.09,3.09,3.09
2006-07-04,3.09,3.09,3.09
2006-07-06,3.1,3.1,3.1
2006-07-07,3.1,3.1,3.1
2006-07-10,3.09,3.09,3.09
2006-07-11,3.1,3.1,3.1
2006-07-12,3.1,3.1,3.1
2006-07-13,3.11,3.11,3.11
2006-07-14,3.11,3.11,3.11
2006-07-17,3.11,3.11,3.11
2006-07-18,3.11,3.11,3.11
2006-07-19,3.11,3.11,3.11
2006-07-20,3.11,3.11,3.11
2006-07-21,3.11,3.11,3.11
2006-07-24,3.1,3.1,3.1
2006-07-25,3.1,3.1,3.1
2006-07-26,3.1,3.1,3.1
2006-07-27,3.1,3.11,3.105
2006-07-28,3.1,3.11,3.105
2006-07-31,3.1,3.11,3.105
2006-08-01,3.1,3.1,3.1
2006-08-02,3.1,3.1,3.1
2006-08-03,3.1,3.1,3.1
2006-08-04,3.1,3.1,3.1
2006-08-07,3.09,3.1,3.0949999999999998
2006-08-09,3.09,3.1,3.0949999999999998
2006-08-10,3.09,3.1,3.0949999999999998
2006-08-11,3.09,3.09,3.09
2006-08-14,3.09,3.09,3.09
2006-08-15,3.1,3.1,3.1
2006-08-16,3.1,3.1,3.1
2006-08-17,3.1,3.1,3.1
2006-08-18,3.09,3.1,3.0949999999999998
2006-08-22,3.09,3.09,3.09
2006-08-23,3.09,3.09,3.09
2006-08-24,3.09,3.09,3.09
2006-08-25,3.1,3.1,3.1
2006-08-28,3.1,3.1,3.1
2006-08-29,3.1,3.1,3.1
2006-08-30,3.1,3.1,3.1
2006-08-31,3.1,3.1,3.1
2006-09-01,3.1,3.1,3.1
2006-09-04,3.1,3.1,3.1
2006-09-05,3.1,3.1,3.1
2006-09-06,3.1,3.11,3.105
2006-09-07,3.1,3.11,3.105
2006-09-08,3.1,3.1,3.1
2006-09-11,3.1,3.1,3.1
2006-09-12,3.1,3.11,3.105
2006-09-13,3.11,3.11,3.11
2006-09-14,3.12,3.12,3.12
2006-09-15,3.11,3.11,3.11
2006-09-18,3.11,3.12,3.115
2006-09-19,3.11,3.12,3.115
2006-09-20,3.12,3.12,3.12
2006-09-21,3.13,3.13,3.13
2006-09-22,3.12,3.13,3.125
2006-09-25,3.13,3.13,3.13
2006-09-26,3.12,3.12,3.12
2006-09-27,3.12,3.12,3.12
2006-09-28,3.12,3.12,3.12
2006-09-29,3.12,3.12,3.12
2006-10-02,3.12,3.12,3.12
2006-10-03,3.12,3.12,3.12
2006-10-04,3.12,3.12,3.12
2006-10-05,3.12,3.12,3.12
2006-10-06,3.12,3.12,3.12
2006-10-09,3.12,3.12,3.12
2006-10-10,3.12,3.12,3.12
2006-10-11,3.12,3.13,3.125
2006-10-12,3.13,3.13,3.13
2006-10-13,3.13,3.13,3.13
2006-10-17,3.12,3.12,3.12
2006-10-18,3.12,3.12,3.12
2006-10-19,3.12,3.12,3.12
2006-10-20,3.12,3.13,3.125
2006-10-23,3.12,3.12,3.12
2006-10-24,3.12,3.12,3.12
2006-10-25,3.13,3.13,3.13
2006-10-26,3.13,3.13,3.13
2006-10-27,3.12,3.12,3.12
2006-10-30,3.12,3.12,3.12
2006-10-31,3.11,3.11,3.11
2006-11-01,3.1,3.11,3.105
2006-11-02,3.11,3.11,3.11
2006-11-03,3.1,3.11,3.105
2006-11-06,3.1,3.11,3.105
2006-11-07,3.08,3.08,3.08
2006-11-08,3.09,3.09,3.09
2006-11-09,3.1,3.1,3.1
2006-11-10,3.09,3.09,3.09
2006-11-13,3.1,3.1,3.1
2006-11-14,3.09,3.1,3.0949999999999998
2006-11-15,3.09,3.1,3.0949999999999998
2006-11-16,3.09,3.1,3.0949999999999998
2006-11-17,3.1,3.1,3.1
2006-11-20,3.09,3.1,3.0949999999999998
2006-11-21,3.09,3.1,3.0949999999999998
2006-11-22,3.09,3.09,3.09
2006-11-23,3.1,3.1,3.1
2006-11-24,3.1,3.1,3.1
2006-11-27,3.1,3.1,3.1
2006-11-28,3.1,3.1,3.1
2006-11-29,3.1,3.1,3.1
2006-11-30,3.09,3.09,3.09
2006-12-01,3.08,3.09,3.085
2006-12-04,3.07,3.07,3.07
2006-12-05,3.06,3.06,3.06
2006-12-06,3.06,3.07,3.065
2006-12-07,3.07,3.07,3.07
2006-12-11,3.07,3.07,3.07
2006-12-12,3.07,3.07,3.07
2006-12-13,3.07,3.07,3.07
2006-12-14,3.09,3.09,3.09
2006-12-15,3.09,3.09,3.09
2006-12-18,3.08,3.08,3.08
2006-12-19,3.08,3.08,3.08
2006-12-20,3.07,3.08,3.075
2006-12-21,3.07,3.07,3.07
2006-12-22,3.07,3.07,3.07
2006-12-26,3.09,3.09,3.09
2006-12-27,3.09,3.09,3.09
2006-12-28,3.09,3.09,3.09
2006-12-29,3.09,3.09,3.09
2007-01-02,3.09,3.09,3.09
2007-01-03,3.09,3.09,3.09
2007-01-04,3.1,3.1,3.1
2007-01-05,3.1,3.1,3.1
2007-01-08,3.1,3.1,3.1
2007-01-09,3.1,3.1,3.1
2007-01-10,3.1,3.1,3.1
2007-01-11,3.1,3.1,3.1
2007-01-12,3.1,3.1,3.1
2007-01-15,3.1,3.11,3.105
2007-01-16,3.1,3.11,3.105
2007-01-17,3.1,3.11,3.105
2007-01-18,3.11,3.11,3.11
2007-01-19,3.11,3.11,3.11
2007-01-22,3.11,3.11,3.11
2007-01-23,3.11,3.11,3.11
2007-01-24,3.11,3.12,3.115
2007-01-25,3.12,3.12,3.12
2007-01-26,3.12,3.13,3.125
2007-01-29,3.11,3.12,3.115
2007-01-30,3.12,3.12,3.12
2007-01-31,3.12,3.12,3.12
2007-02-01,3.12,3.12,3.12
2007-02-02,3.12,3.12,3.12
2007-02-05,3.12,3.13,3.125
2007-02-06,3.12,3.12,3.12
2007-02-07,3.12,3.12,3.12
2007-02-08,3.11,3.12,3.115
2007-02-09,3.11,3.11,3.11
2007-02-12,3.11,3.11,3.11
2007-02-13,3.11,3.11,3.11
2007-02-14,3.11,3.11,3.11
2007-02-15,3.11,3.12,3.115
2007-02-16,3.11,3.11,3.11
2007-02-19,3.11,3.12,3.115
2007-02-20,3.12,3.12,3.12
2007-02-21,3.12,3.13,3.125
2007-02-22,3.12,3.12,3.12
2007-02-23,3.12,3.12,3.12
2007-02-26,3.12,3.12,3.12
2007-02-27,3.12,3.12,3.12
2007-02-28,3.11,3.11,3.11
2007-03-01,3.11,3.11,3.11
2007-03-02,3.11,3.11,3.11
2007-03-05,3.11,3.11,3.11
2007-03-06,3.12,3.12,3.12
2007-03-07,3.12,3.12,3.12
2007-03-08,3.12,3.12,3.12
2007-03-09,3.12,3.13,3.125
2007-03-12,3.12,3.12,3.12
2007-03-13,3.11,3.12,3.115
2007-03-14,3.11,3.12,3.115
2007-03-15,3.12,3.13,3.125
2007-03-16,3.12,3.12,3.12
2007-03-19,3.12,3.12,3.12
2007-03-20,3.12,3.12,3.12
2007-03-21,3.12,3.12,3.12
2007-03-22,3.12,3.12,3.12
2007-03-23,3.12,3.12,3.12
2007-03-26,3.12,3.12,3.12
2007-03-27,3.13,3.13,3.13
2007-03-28,3.13,3.14,3.135
2007-03-29,3.13,3.13,3.13
2007-03-30,3.12,3.12,3.12
2007-04-03,3.11,3.11,3.11
2007-04-04,3.11,3.11,3.11
2007-04-05,3.11,3.11,3.11
2007-04-09,3.11,3.11,3.11
2007-04-10,3.11,3.12,3.115
2007-04-11,3.11,3.12,3.115
2007-04-12,3.12,3.12,3.12
2007-04-13,3.12,3.12,3.12
2007-04-16,3.13,3.13,3.13
2007-04-17,3.12,3.12,3.12
2007-04-18,3.12,3.12,3.12
2007-04-19,3.13,3.13,3.13
2007-04-20,3.12,3.13,3.125
2007-04-23,3.12,3.12,3.12
2007-04-24,3.12,3.12,3.12
2007-04-25,3.12,3.12,3.12
2007-04-26,3.12,3.12,3.12
2007-04-27,3.12,3.12,3.12
2007-04-30,3.12,3.12,3.12
2007-05-02,3.12,3.12,3.12
2007-05-03,3.12,3.12,3.12
2007-05-04,3.11,3.12,3.115
2007-05-07,3.11,3.11,3.11
2007-05-08,3.11,3.12,3.115
2007-05-09,3.11,3.12,3.115
2007-05-10,3.11,3.12,3.115
2007-05-11,3.11,3.12,3.115
2007-05-14,3.12,3.12,3.12
2007-05-15,3.12,3.12,3.12
2007-05-16,3.12,3.12,3.12
2007-05-17,3.12,3.12,3.12
2007-05-18,3.12,3.12,3.12
2007-05-21,3.11,3.12,3.115
2007-05-22,3.11,3.11,3.11
2007-05-23,3.11,3.11,3.11
2007-05-24,3.11,3.11,3.11
2007-05-25,3.11,3.11,3.11
2007-05-28,3.11,3.11,3.11
2007-05-29,3.11,3.11,3.11
2007-05-30,3.11,3.11,3.11
2007-05-31,3.11,3.11,3.11
2007-06-01,3.11,3.11,3.11
2007-06-04,3.1,3.11,3.105
2007-06-05,3.1,3.1,3.1
2007-06-06,3.1,3.1,3.1
2007-06-07,3.1,3.1,3.1
2007-06-08,3.1,3.1,3.1
2007-06-11,3.1,3.1,3.1
2007-06-12,3.1,3.1,3.1
2007-06-13,3.1,3.1,3.1
2007-06-14,3.1,3.1,3.1
2007-06-15,3.1,3.1,3.1
2007-06-19,3.1,3.1,3.1
2007-06-20,3.1,3.1,3.1
2007-06-21,3.1,3.1,3.1
2007-06-22,3.1,3.1,3.1
2007-06-25,3.1,3.1,3.1
2007-06-26,3.11,3.11,3.11
2007-06-27,3.11,3.12,3.115
2007-06-28,3.1,3.11,3.105
2007-06-29,3.1,3.11,3.105
2007-07-02,3.1,3.1,3.1
2007-07-03,3.1,3.1,3.1
2007-07-04,3.11,3.11,3.11
2007-07-05,3.12,3.12,3.12
2007-07-06,3.12,3.12,3.12
2007-07-09,3.12,3.12,3.12
2007-07-10,3.11,3.12,3.115
2007-07-11,3.11,3.12,3.115
2007-07-12,3.12,3.12,3.12
2007-07-13,3.12,3.12,3.12
2007-07-16,3.12,3.13,3.125
2007-07-17,3.13,3.14,3.135
2007-07-18,3.14,3.14,3.14
2007-07-19,3.14,3.14,3.14
2007-07-20,3.14,3.15,3.145
2007-07-23,3.15,3.15,3.15
2007-07-24,3.18,3.18,3.18
2007-07-25,3.2,3.21,3.205
2007-07-26,3.18,3.18,3.18
2007-07-27,3.17,3.18,3.175
2007-07-30,3.18,3.18,3.18
2007-07-31,3.17,3.17,3.17
2007-08-01,3.18,3.18,3.18
2007-08-02,3.18,3.18,3.18
2007-08-03,3.18,3.19,3.185
2007-08-06,3.18,3.19,3.185
2007-08-07,3.18,3.19,3.185
2007-08-08,3.18,3.18,3.18
2007-08-09,3.19,3.2,3.1950000000000003
2007-08-10,3.19,3.2,3.1950000000000003
2007-08-13,3.18,3.19,3.185
2007-08-14,3.19,3.2,3.1950000000000003
2007-08-15,3.21,3.21,3.21
2007-08-16,3.22,3.22,3.22
2007-08-17,3.2,3.21,3.205
2007-08-21,3.2,3.2,3.2
2007-08-22,3.21,3.21,3.21
2007-08-23,3.23,3.23,3.23
2007-08-24,3.23,3.23,3.23
2007-08-27,3.23,3.23,3.23
2007-08-28,3.23,3.23,3.23
2007-08-29,3.24,3.24,3.24
2007-08-30,3.23,3.23,3.23
2007-08-31,3.22,3.22,3.22
2007-09-03,3.21,3.22,3.215
2007-09-04,3.22,3.22,3.22
2007-09-05,3.22,3.22,3.22
2007-09-06,3.21,3.22,3.215
2007-09-07,3.21,3.22,3.215
2007-09-10,3.2,3.21,3.205
2007-09-11,3.2,3.21,3.205
2007-09-12,3.21,3.21,3.21
2007-09-13,3.2,3.21,3.205
2007-09-14,3.2,3.2,3.2
2007-09-17,3.19,3.19,3.19
2007-09-18,3.2,3.2,3.2
2007-09-19,3.2,3.2,3.2
2007-09-20,3.2,3.2,3.2
2007-09-21,3.19,3.19,3.19
2007-09-24,3.19,3.19,3.19
2007-09-25,3.19,3.2,3.1950000000000003
2007-09-26,3.19,3.2,3.1950000000000003
2007-09-27,3.2,3.2,3.2
2007-09-28,3.19,3.2,3.1950000000000003
2007-10-01,3.19,3.19,3.19
2007-10-02,3.19,3.19,3.19
2007-10-03,3.19,3.2,3.1950000000000003
2007-10-04,3.2,3.2,3.2
2007-10-05,3.19,3.19,3.19
2007-10-08,3.19,3.19,3.19
2007-10-09,3.2,3.2,3.2
2007-10-10,3.2,3.2,3.2
2007-10-11,3.2,3.2,3.2
2007-10-12,3.2,3.21,3.205
2007-10-15,3.2,3.21,3.205
2007-10-16,3.2,3.2,3.2
2007-10-17,3.21,3.21,3.21
2007-10-18,3.22,3.23,3.225
2007-10-19,3.21,3.21,3.21
2007-10-22,3.21,3.21,3.21
2007-10-23,3.22,3.22,3.22
2007-10-24,3.23,3.23,3.23
2007-10-25,3.22,3.23,3.225
2007-10-26,3.21,3.22,3.215
2007-10-29,3.2,3.2,3.2
2007-10-30,3.19,3.19,3.19
2007-10-31,3.19,3.19,3.19
2007-11-01,3.18,3.19,3.185
2007-11-02,3.17,3.17,3.17
2007-11-05,3.16,3.17,3.165
2007-11-07,3.16,3.16,3.16
2007-11-08,3.16,3.16,3.16
2007-11-09,3.16,3.17,3.165
2007-11-12,3.16,3.16,3.16
2007-11-13,3.16,3.16,3.16
2007-11-14,3.16,3.16,3.16
2007-11-15,3.16,3.16,3.16
2007-11-16,3.15,3.16,3.1550000000000002
2007-11-19,3.15,3.15,3.15
2007-11-20,3.16,3.16,3.16
2007-11-21,3.16,3.16,3.16
2007-11-22,3.17,3.17,3.17
2007-11-23,3.17,3.17,3.17
2007-11-26,3.16,3.17,3.165
2007-11-27,3.17,3.17,3.17
2007-11-28,3.17,3.17,3.17
2007-11-29,3.16,3.16,3.16
2007-11-30,3.16,3.16,3.16
2007-12-03,3.15,3.15,3.15
2007-12-04,3.15,3.16,3.1550000000000002
2007-12-05,3.16,3.16,3.16
2007-12-06,3.15,3.16,3.1550000000000002
2007-12-07,3.15,3.15,3.15
2007-12-10,3.15,3.15,3.15
2007-12-11,3.15,3.15,3.15
2007-12-12,3.15,3.15,3.15
2007-12-13,3.16,3.17,3.165
2007-12-14,3.17,3.17,3.17
2007-12-17,3.16,3.17,3.165
2007-12-18,3.16,3.16,3.16
2007-12-19,3.16,3.16,3.16
2007-12-20,3.16,3.16,3.16
2007-12-21,3.15,3.16,3.1550000000000002
2007-12-24,3.15,3.16,3.1550000000000002
2007-12-26,3.17,3.17,3.17
2007-12-27,3.17,3.17,3.17
2007-12-28,3.17,3.17,3.17
2008-01-02,3.16,3.17,3.165
2008-01-03,3.17,3.17,3.17
2008-01-04,3.17,3.17,3.17
2008-01-07,3.17,3.18,3.175
2008-01-08,3.17,3.18,3.175
2008-01-09,3.17,3.17,3.17
2008-01-10,3.17,3.17,3.17
2008-01-11,3.17,3.17,3.17
2008-01-14,3.17,3.18,3.175
2008-01-15,3.17,3.17,3.17
2008-01-16,3.17,3.17,3.17
2008-01-17,3.18,3.18,3.18
2008-01-18,3.18,3.18,3.18
2008-01-21,3.18,3.19,3.185
2008-01-22,3.18,3.19,3.185
2008-01-23,3.19,3.19,3.19
2008-01-24,3.18,3.19,3.185
2008-01-25,3.18,3.18,3.18
2008-01-28,3.18,3.19,3.185
2008-01-29,3.18,3.18,3.18
2008-01-30,3.17,3.17,3.17
2008-01-31,3.17,3.17,3.17
2008-02-01,3.17,3.17,3.17
2008-02-04,3.17,3.17,3.17
2008-02-05,3.17,3.17,3.17
2008-02-06,3.18,3.18,3.18
2008-02-07,3.17,3.18,3.175
2008-02-08,3.17,3.17,3.17
2008-02-11,3.17,3.17,3.17
2008-02-12,3.17,3.17,3.17
2008-02-13,3.18,3.18,3.18
2008-02-14,3.18,3.18,3.18
2008-02-15,3.18,3.18,3.18
2008-02-18,3.17,3.18,3.175
2008-02-19,3.17,3.18,3.175
2008-02-20,3.18,3.18,3.18
2008-02-21,3.18,3.18,3.18
2008-02-22,3.18,3.18,3.18
2008-02-25,3.17,3.18,3.175
2008-02-26,3.18,3.18,3.18
2008-02-27,3.18,3.19,3.185
2008-02-28,3.19,3.19,3.19
2008-02-29,3.18,3.19,3.185
2008-03-03,3.17,3.18,3.175
2008-03-04,3.17,3.17,3.17
2008-03-05,3.18,3.18,3.18
2008-03-06,3.17,3.18,3.175
2008-03-07,3.17,3.17,3.17
2008-03-10,3.17,3.17,3.17
2008-03-11,3.17,3.17,3.17
2008-03-12,3.17,3.17,3.17
2008-03-13,3.18,3.18,3.18
2008-03-14,3.18,3.19,3.185
2008-03-17,3.18,3.19,3.185
2008-03-18,3.18,3.19,3.185
2008-03-19,3.17,3.18,3.175
2008-03-24,3.17,3.18,3.175
2008-03-25,3.18,3.18,3.18
2008-03-26,3.19,3.19,3.19
2008-03-27,3.2,3.2,3.2
2008-03-28,3.18,3.19,3.185
2008-03-31,3.19,3.19,3.19
2008-04-01,3.19,3.19,3.19
2008-04-02,3.19,3.19,3.19
2008-04-03,3.18,3.19,3.185
2008-04-04,3.18,3.19,3.185
2008-04-07,3.18,3.18,3.18
2008-04-08,3.18,3.18,3.18
2008-04-09,3.18,3.19,3.185
2008-04-10,3.2,3.2,3.2
2008-04-11,3.19,3.19,3.19
2008-04-14,3.18,3.18,3.18
2008-04-15,3.19,3.19,3.19
2008-04-16,3.2,3.2,3.2
2008-04-17,3.22,3.23,3.225
2008-04-18,3.21,3.21,3.21
2008-04-21,3.21,3.22,3.215
2008-04-22,3.23,3.23,3.23
2008-04-23,3.24,3.25,3.245
2008-04-24,3.25,3.25,3.25
2008-04-25,3.25,3.25,3.25
2008-04-28,3.23,3.23,3.23
2008-04-29,3.23,3.23,3.23
2008-04-30,3.23,3.23,3.23
2008-05-02,3.23,3.23,3.23
2008-05-05,3.22,3.23,3.225
2008-05-06,3.23,3.23,3.23
2008-05-07,3.24,3.25,3.245
2008-05-08,3.25,3.26,3.255
2008-05-09,3.27,3.27,3.27
2008-05-12,3.27,3.28,3.275
2008-05-13,3.27,3.27,3.27
2008-05-14,3.26,3.26,3.26
2008-05-15,3.25,3.26,3.255
2008-05-16,3.24,3.24,3.24
2008-05-19,3.21,3.22,3.215
2008-05-20,3.21,3.21,3.21
2008-05-21,3.21,3.21,3.21
2008-05-22,3.22,3.22,3.22
2008-05-23,3.22,3.23,3.225
2008-05-26,3.21,3.22,3.215
2008-05-27,3.21,3.21,3.21
2008-05-28,3.2,3.2,3.2
2008-05-29,3.19,3.2,3.1950000000000003
2008-05-30,3.18,3.18,3.18
2008-06-02,3.15,3.16,3.1550000000000002
2008-06-03,3.15,3.15,3.15
2008-06-04,3.16,3.16,3.16
2008-06-05,3.15,3.15,3.15
2008-06-06,3.15,3.16,3.1550000000000002
2008-06-09,3.15,3.15,3.15
2008-06-10,3.14,3.14,3.14
2008-06-11,3.13,3.13,3.13
2008-06-12,3.13,3.13,3.13
2008-06-13,3.12,3.12,3.12
2008-06-16,3.12,3.12,3.12
2008-06-17,3.13,3.13,3.13
2008-06-18,3.12,3.12,3.12
2008-06-19,3.11,3.11,3.11
2008-06-20,3.1,3.1,3.1
2008-06-23,3.08,3.08,3.08
2008-06-24,3.06,3.06,3.06
2008-06-25,3.08,3.08,3.08
2008-06-26,3.09,3.09,3.09
2008-06-27,3.08,3.09,3.085
2008-06-30,3.06,3.06,3.06
2008-07-01,3.04,3.05,3.045
2008-07-02,3.06,3.06,3.06
2008-07-03,3.06,3.07,3.065
2008-07-04,3.05,3.05,3.05
2008-07-07,3.05,3.05,3.05
2008-07-08,3.06,3.06,3.06
2008-07-10,3.06,3.07,3.065
2008-07-11,3.08,3.08,3.08
2008-07-14,3.07,3.08,3.075
2008-07-15,3.06,3.07,3.065
2008-07-16,3.08,3.09,3.085
2008-07-17,3.08,3.08,3.08
2008-07-18,3.08,3.08,3.08
2008-07-21,3.07,3.08,3.075
2008-07-22,3.07,3.07,3.07
2008-07-23,3.06,3.06,3.06
2008-07-24,3.07,3.07,3.07
2008-07-25,3.07,3.07,3.07
2008-07-28,3.07,3.07,3.07
2008-07-29,3.07,3.07,3.07
2008-07-30,3.06,3.06,3.06
2008-07-31,3.07,3.07,3.07
2008-08-01,3.06,3.06,3.06
2008-08-04,3.06,3.06,3.06
2008-08-05,3.06,3.06,3.06
2008-08-06,3.06,3.06,3.06
2008-08-07,3.06,3.07,3.065
2008-08-08,3.08,3.08,3.08
2008-08-11,3.07,3.07,3.07
2008-08-12,3.08,3.08,3.08
2008-08-13,3.08,3.08,3.08
2008-08-14,3.08,3.08,3.08
2008-08-15,3.07,3.07,3.07
2008-08-19,3.06,3.07,3.065
2008-08-20,3.06,3.07,3.065
2008-08-21,3.07,3.07,3.07
2008-08-22,3.07,3.07,3.07
2008-08-25,3.07,3.07,3.07
2008-08-26,3.07,3.07,3.07
2008-08-27,3.07,3.07,3.07
2008-08-28,3.07,3.07,3.07
2008-08-29,3.06,3.07,3.065
2008-09-01,3.06,3.06,3.06
2008-09-02,3.06,3.06,3.06
2008-09-03,3.07,3.07,3.07
2008-09-04,3.07,3.08,3.075
2008-09-05,3.07,3.07,3.07
2008-09-08,3.07,3.07,3.07
2008-09-09,3.08,3.08,3.08
2008-09-10,3.13,3.13,3.13
2008-09-11,3.12,3.12,3.12
2008-09-12,3.12,3.12,3.12
2008-09-15,3.14,3.14,3.14
2008-09-16,3.16,3.17,3.165
2008-09-17,3.17,3.18,3.175
2008-09-18,3.2,3.2,3.2
2008-09-19,3.16,3.16,3.16
2008-09-22,3.14,3.14,3.14
2008-09-23,3.15,3.15,3.15
2008-09-24,3.16,3.16,3.16
2008-09-25,3.15,3.15,3.15
2008-09-26,3.15,3.15,3.15
2008-09-29,3.14,3.14,3.14
2008-09-30,3.15,3.16,3.1550000000000002
2008-10-01,3.16,3.16,3.16
2008-10-02,3.17,3.17,3.17
2008-10-03,3.17,3.18,3.175
2008-10-06,3.24,3.24,3.24
2008-10-07,3.32,3.32,3.32
2008-10-08,3.29,3.3,3.295
2008-10-09,3.32,3.33,3.325
2008-10-10,3.36,3.37,3.365
2008-10-14,3.25,3.26,3.255
2008-10-15,3.29,3.29,3.29
2008-10-16,3.32,3.33,3.325
2008-10-17,3.31,3.32,3.315
2008-10-20,3.28,3.29,3.285
2008-10-21,3.3,3.3,3.3
2008-10-22,3.3,3.3,3.3
2008-10-23,3.35,3.36,3.355
2008-10-24,3.43,3.44,3.435
2008-10-27,3.39,3.4,3.395
2008-10-28,3.45,3.45,3.45
2008-10-29,3.46,3.47,3.465
2008-10-30,3.47,3.48,3.475
2008-10-31,3.47,3.48,3.475
2008-11-03,3.42,3.43,3.425
2008-11-04,3.37,3.38,3.375
2008-11-07,3.34,3.35,3.3449999999999998
2008-11-10,3.31,3.32,3.315
2008-11-11,3.32,3.33,3.325
2008-11-12,3.37,3.38,3.375
2008-11-13,3.38,3.39,3.385
2008-11-14,3.37,3.37,3.37
2008-11-17,3.36,3.36,3.36
2008-11-18,3.37,3.37,3.37
2008-11-19,3.37,3.38,3.375
2008-11-20,3.38,3.38,3.38
2008-11-21,3.37,3.38,3.375
2008-11-24,3.37,3.38,3.375
2008-11-25,3.38,3.38,3.38
2008-11-26,3.39,3.4,3.395
2008-11-27,3.41,3.41,3.41
2008-11-28,3.41,3.42,3.415
2008-12-01,3.4,3.41,3.4050000000000002
2008-12-02,3.42,3.43,3.425
2008-12-03,3.47,3.47,3.47
2008-12-04,3.5,3.5,3.5
2008-12-05,3.5,3.51,3.505
2008-12-08,3.5,3.51,3.505
2008-12-09,3.49,3.5,3.495
2008-12-10,3.46,3.47,3.465
2008-12-11,3.47,3.48,3.475
2008-12-12,3.47,3.47,3.47
2008-12-15,3.47,3.47,3.47
2008-12-16,3.47,3.47,3.47
2008-12-17,3.46,3.47,3.465
2008-12-18,3.47,3.47,3.47
2008-12-19,3.47,3.47,3.47
2008-12-22,3.46,3.46,3.46
2008-12-23,3.45,3.45,3.45
2008-12-29,3.51,3.51,3.51
2008-12-30,3.54,3.54,3.54
2008-12-31,3.53,3.54,3.535
2009-01-02,3.53,3.54,3.535
2009-01-05,3.51,3.52,3.5149999999999997
2009-01-06,3.54,3.54,3.54
2009-01-07,3.55,3.55,3.55
2009-01-08,3.54,3.54,3.54
2009-01-09,3.53,3.54,3.535
2009-01-12,3.52,3.52,3.52
2009-01-13,3.52,3.52,3.52
2009-01-14,3.53,3.53,3.53
2009-01-15,3.53,3.54,3.535
2009-01-16,3.52,3.53,3.525
2009-01-19,3.51,3.51,3.51
2009-01-20,3.51,3.52,3.5149999999999997
2009-01-21,3.51,3.51,3.51
2009-01-22,3.52,3.52,3.52
2009-01-23,3.52,3.52,3.52
2009-01-26,3.52,3.53,3.525
2009-01-27,3.53,3.53,3.53
2009-01-28,3.54,3.55,3.545
2009-01-29,3.55,3.55,3.55
2009-01-30,3.54,3.55,3.545
2009-02-02,3.53,3.53,3.53
2009-02-03,3.53,3.54,3.535
2009-02-04,3.54,3.55,3.545
2009-02-05,3.55,3.56,3.5549999999999997
2009-02-06,3.55,3.55,3.55
2009-02-09,3.55,3.55,3.55
2009-02-10,3.54,3.54,3.54
2009-02-11,3.53,3.54,3.535
2009-02-12,3.54,3.55,3.545
2009-02-13,3.54,3.55,3.545
2009-02-16,3.54,3.54,3.54
2009-02-17,3.55,3.55,3.55
2009-02-18,3.56,3.57,3.565
2009-02-19,3.61,3.61,3.61
2009-02-20,3.62,3.63,3.625
2009-02-23,3.65,3.65,3.65
2009-02-24,3.67,3.68,3.675
2009-02-25,3.68,3.68,3.68
2009-02-26,3.64,3.65,3.645
2009-02-27,3.64,3.64,3.64
2009-03-02,3.66,3.67,3.665
2009-03-03,3.69,3.7,3.6950000000000003
2009-03-04,3.72,3.73,3.725
2009-03-05,3.72,3.73,3.725
2009-03-06,3.72,3.72,3.72
2009-03-09,3.72,3.72,3.72
2009-03-10,3.72,3.72,3.72
2009-03-11,3.72,3.73,3.725
2009-03-12,3.73,3.74,3.7350000000000003
2009-03-13,3.73,3.74,3.7350000000000003
2009-03-16,3.73,3.74,3.7350000000000003
2009-03-17,3.73,3.74,3.7350000000000003
2009-03-18,3.74,3.75,3.745
2009-03-19,3.74,3.75,3.745
2009-03-20,3.75,3.76,3.755
2009-03-23,3.77,3.77,3.77
2009-03-25,3.76,3.76,3.76
2009-03-26,3.78,3.79,3.785
2009-03-27,3.81,3.82,3.815
2009-03-30,3.81,3.82,3.815
2009-03-31,3.79,3.79,3.79
2009-04-01,3.77,3.78,3.775
2009-04-03,3.75,3.75,3.75
2009-04-06,3.7,3.7,3.7
2009-04-07,3.71,3.71,3.71
2009-04-08,3.72,3.72,3.72
2009-04-13,3.69,3.7,3.6950000000000003
2009-04-14,3.71,3.72,3.715
2009-04-15,3.72,3.72,3.72
2009-04-16,3.73,3.73,3.73
2009-04-17,3.73,3.74,3.7350000000000003
2009-04-20,3.72,3.73,3.725
2009-04-21,3.72,3.73,3.725
2009-04-22,3.74,3.74,3.74
2009-04-23,3.74,3.74,3.74
2009-04-24,3.74,3.75,3.745
2009-04-27,3.74,3.74,3.74
2009-04-28,3.74,3.75,3.745
2009-04-29,3.74,3.75,3.745
2009-04-30,3.74,3.74,3.74
2009-05-04,3.73,3.74,3.7350000000000003
2009-05-05,3.73,3.73,3.73
2009-05-06,3.73,3.74,3.7350000000000003
2009-05-07,3.74,3.75,3.745
2009-05-08,3.74,3.75,3.745
2009-05-11,3.75,3.75,3.75
2009-05-12,3.75,3.76,3.755
2009-05-13,3.77,3.77,3.77
2009-05-14,3.78,3.79,3.785
2009-05-15,3.77,3.78,3.775
2009-05-18,3.77,3.77,3.77
2009-05-19,3.79,3.79,3.79
2009-05-20,3.79,3.8,3.795
2009-05-21,3.8,3.8,3.8
2009-05-22,3.8,3.81,3.8049999999999997
2009-05-26,3.79,3.8,3.795
2009-05-27,3.78,3.79,3.785
2009-05-28,3.8,3.8,3.8
2009-05-29,3.81,3.81,3.81
2009-06-01,3.8,3.81,3.8049999999999997
2009-06-02,3.8,3.81,3.8049999999999997
2009-06-03,3.8,3.81,3.8049999999999997
2009-06-04,3.81,3.81,3.81
2009-06-05,3.8,3.81,3.8049999999999997
2009-06-08,3.8,3.81,3.8049999999999997
2009-06-09,3.81,3.81,3.81
2009-06-10,3.81,3.82,3.815
2009-06-11,3.83,3.84,3.835
2009-06-12,3.84,3.85,3.8449999999999998
2009-06-16,3.84,3.84,3.84
2009-06-17,3.84,3.85,3.8449999999999998
2009-06-18,3.86,3.86,3.86
2009-06-19,3.88,3.89,3.885
2009-06-22,3.89,3.9,3.895
2009-06-23,3.9,3.9,3.9
2009-06-24,3.88,3.89,3.885
2009-06-25,3.89,3.89,3.89
2009-06-26,3.89,3.89,3.89
2009-06-29,3.84,3.84,3.84
2009-06-30,3.83,3.84,3.835
2009-07-01,3.84,3.85,3.8449999999999998
2009-07-02,3.86,3.86,3.86
2009-07-03,3.84,3.85,3.8449999999999998
2009-07-06,3.83,3.83,3.83
2009-07-07,3.83,3.84,3.835
2009-07-08,3.84,3.84,3.84
2009-07-09,3.84,3.84,3.84
2009-07-10,3.84,3.84,3.84
2009-07-13,3.83,3.84,3.835
2009-07-14,3.84,3.84,3.84
2009-07-15,3.86,3.86,3.86
2009-07-16,3.87,3.88,3.875
2009-07-17,3.88,3.88,3.88
2009-07-20,3.86,3.87,3.865
2009-07-21,3.87,3.88,3.875
2009-07-22,3.88,3.88,3.88
2009-07-23,3.88,3.89,3.885
2009-07-24,3.88,3.89,3.885
2009-07-27,3.87,3.88,3.875
2009-07-28,3.86,3.86,3.86
2009-07-29,3.86,3.87,3.865
2009-07-30,3.87,3.88,3.875
2009-07-31,3.87,3.87,3.87
2009-08-03,3.86,3.87,3.865
2009-08-04,3.86,3.86,3.86
2009-08-05,3.85,3.86,3.855
2009-08-06,3.84,3.85,3.8449999999999998
2009-08-07,3.84,3.85,3.8449999999999998
2009-08-10,3.84,3.84,3.84
2009-08-11,3.84,3.85,3.8449999999999998
2009-08-12,3.85,3.85,3.85
2009-08-13,3.86,3.87,3.865
2009-08-14,3.86,3.86,3.86
2009-08-18,3.86,3.87,3.865
2009-08-19,3.88,3.88,3.88
2009-08-20,3.88,3.89,3.885
2009-08-21,3.88,3.88,3.88
2009-08-24,3.87,3.87,3.87
2009-08-25,3.86,3.86,3.86
2009-08-26,3.86,3.86,3.86
2009-08-27,3.86,3.86,3.86
2009-08-28,3.85,3.86,3.855
2009-08-31,3.84,3.85,3.8449999999999998
2009-09-01,3.85,3.85,3.85
2009-09-02,3.86,3.86,3.86
2009-09-03,3.87,3.87,3.87
2009-09-04,3.84,3.85,3.8449999999999998
2009-09-07,3.84,3.84,3.84
2009-09-08,3.84,3.84,3.84
2009-09-09,3.84,3.84,3.84
2009-09-10,3.86,3.86,3.86
2009-09-11,3.86,3.86,3.86
2009-09-14,3.85,3.86,3.855
2009-09-15,3.84,3.85,3.8449999999999998
2009-09-16,3.84,3.85,3.8449999999999998
2009-09-17,3.85,3.86,3.855
2009-09-18,3.85,3.86,3.855
2009-09-21,3.85,3.86,3.855
2009-09-22,3.85,3.86,3.855
2009-09-23,3.86,3.87,3.865
2009-09-24,3.86,3.87,3.865
2009-09-25,3.86,3.87,3.865
2009-09-28,3.85,3.86,3.855
2009-09-29,3.85,3.85,3.85
2009-09-30,3.84,3.84,3.84
2009-10-01,3.84,3.84,3.84
2009-10-02,3.84,3.84,3.84
2009-10-05,3.83,3.84,3.835
2009-10-06,3.82,3.83,3.825
2009-10-07,3.83,3.84,3.835
2009-10-08,3.83,3.84,3.835
2009-10-09,3.82,3.83,3.825
2009-10-13,3.82,3.83,3.825
2009-10-14,3.82,3.83,3.825
2009-10-15,3.82,3.82,3.82
2009-10-16,3.83,3.83,3.83
2009-10-19,3.82,3.83,3.825
2009-10-20,3.82,3.83,3.825
2009-10-21,3.84,3.84,3.84
2009-10-22,3.84,3.84,3.84
2009-10-23,3.83,3.83,3.83
2009-10-26,3.83,3.83,3.83
2009-10-27,3.83,3.83,3.83
2009-10-28,3.83,3.84,3.835
2009-10-29,3.83,3.83,3.83
2009-10-30,3.82,3.82,3.82
2009-11-02,3.81,3.81,3.81
2009-11-03,3.8,3.81,3.8049999999999997
2009-11-04,3.8,3.81,3.8049999999999997
2009-11-05,3.79,3.8,3.795
2009-11-09,3.79,3.79,3.79
2009-11-10,3.79,3.79,3.79
2009-11-11,3.8,3.8,3.8
2009-11-12,3.81,3.81,3.81
2009-11-13,3.81,3.82,3.815
2009-11-16,3.82,3.82,3.82
2009-11-17,3.83,3.83,3.83
2009-11-18,3.84,3.84,3.84
2009-11-19,3.84,3.84,3.84
2009-11-20,3.82,3.83,3.825
2009-11-23,3.82,3.82,3.82
2009-11-24,3.82,3.82,3.82
2009-11-25,3.82,3.82,3.82
2009-11-26,3.82,3.82,3.82
2009-11-27,3.81,3.82,3.815
2009-11-30,3.8,3.8,3.8
2009-12-01,3.8,3.8,3.8
2009-12-02,3.81,3.81,3.81
2009-12-03,3.81,3.81,3.81
2009-12-04,3.8,3.81,3.8049999999999997
2009-12-07,3.8,3.8,3.8
2009-12-09,3.8,3.8,3.8
2009-12-10,3.8,3.81,3.8049999999999997
2009-12-11,3.8,3.81,3.8049999999999997
2009-12-14,3.81,3.82,3.815
2009-12-15,3.83,3.83,3.83
2009-12-16,3.85,3.85,3.85
2009-12-17,3.84,3.85,3.8449999999999998
2009-12-18,3.83,3.84,3.835
2009-12-21,3.83,3.83,3.83
2009-12-22,3.84,3.84,3.84
2009-12-23,3.83,3.84,3.835
2009-12-24,3.83,3.84,3.835
2009-12-28,3.84,3.85,3.8449999999999998
2009-12-29,3.86,3.87,3.865
2009-12-30,3.86,3.86,3.86
2010-01-04,3.86,3.86,3.86
2010-01-05,3.86,3.86,3.86
2010-01-06,3.87,3.88,3.875
2010-01-07,3.86,3.87,3.865
2010-01-08,3.87,3.87,3.87
2010-01-11,3.87,3.87,3.87
2010-01-12,3.87,3.87,3.87
2010-01-13,3.88,3.89,3.885
2010-01-14,3.89,3.89,3.89
2010-01-15,3.88,3.89,3.885
2010-01-18,3.86,3.87,3.865
2010-01-19,3.87,3.88,3.875
2010-01-20,3.87,3.88,3.875
2010-01-21,3.87,3.88,3.875
2010-01-22,3.87,3.88,3.875
2010-01-25,3.87,3.88,3.875
2010-01-26,3.88,3.89,3.885
2010-01-27,3.9,3.9,3.9
2010-01-28,3.89,3.89,3.89
2010-01-29,3.88,3.88,3.88
2010-02-01,3.88,3.89,3.885
2010-02-02,3.9,3.91,3.9050000000000002
2010-02-03,3.91,3.91,3.91
2010-02-04,3.92,3.92,3.92
2010-02-05,3.91,3.91,3.91
2010-02-08,3.9,3.9,3.9
2010-02-09,3.9,3.91,3.9050000000000002
2010-02-10,3.92,3.93,3.925
2010-02-11,3.93,3.93,3.93
2010-02-12,3.93,3.94,3.935
2010-02-15,3.93,3.94,3.935
2010-02-16,3.94,3.94,3.94
2010-02-17,3.94,3.95,3.9450000000000003
2010-02-18,3.95,3.95,3.95
2010-02-19,3.94,3.94,3.94
2010-02-22,3.92,3.93,3.925
2010-02-23,3.92,3.93,3.925
2010-02-24,3.93,3.93,3.93
2010-02-25,3.93,3.93,3.93
2010-02-26,3.92,3.93,3.925
2010-03-01,3.9,3.9,3.9
2010-03-02,3.9,3.91,3.9050000000000002
2010-03-03,3.91,3.91,3.91
2010-03-04,3.91,3.91,3.91
2010-03-05,3.9,3.91,3.9050000000000002
2010-03-08,3.9,3.9,3.9
2010-03-09,3.9,3.9,3.9
2010-03-10,3.91,3.91,3.91
2010-03-11,3.91,3.91,3.91
2010-03-12,3.9,3.91,3.9050000000000002
2010-03-15,3.9,3.91,3.9050000000000002
2010-03-16,3.9,3.91,3.9050000000000002
2010-03-17,3.91,3.91,3.91
2010-03-18,3.9,3.91,3.9050000000000002
2010-03-19,3.9,3.9,3.9
2010-03-22,3.9,3.9,3.9
2010-03-23,3.9,3.9,3.9
2010-03-25,3.9,3.9,3.9
2010-03-26,3.89,3.9,3.895
2010-03-29,3.89,3.9,3.895
2010-03-30,3.89,3.89,3.89
2010-03-31,3.88,3.89,3.885
2010-04-01,3.88,3.89,3.885
2010-04-05,3.87,3.87,3.87
2010-04-06,3.87,3.87,3.87
2010-04-07,3.89,3.9,3.895
2010-04-08,3.89,3.9,3.895
2010-04-09,3.88,3.89,3.885
2010-04-12,3.88,3.89,3.885
2010-04-13,3.89,3.9,3.895
2010-04-14,3.92,3.92,3.92
2010-04-15,3.91,3.92,3.915
2010-04-16,3.92,3.92,3.92
2010-04-19,3.92,3.92,3.92
2010-04-20,3.91,3.92,3.915
2010-04-21,3.91,3.92,3.915
2010-04-22,3.91,3.92,3.915
2010-04-23,3.92,3.92,3.92
2010-04-26,3.91,3.92,3.915
2010-04-27,3.91,3.92,3.915
2010-04-28,3.91,3.91,3.91
2010-04-29,3.91,3.92,3.915
2010-04-30,3.91,3.92,3.915
2010-05-03,3.91,3.91,3.91
2010-05-04,3.91,3.91,3.91
2010-05-05,3.91,3.92,3.915
2010-05-06,3.92,3.93,3.925
2010-05-07,3.92,3.93,3.925
2010-05-10,3.92,3.92,3.92
2010-05-11,3.93,3.93,3.93
2010-05-12,3.93,3.94,3.935
2010-05-13,3.94,3.95,3.9450000000000003
2010-05-14,3.94,3.95,3.9450000000000003
2010-05-17,3.93,3.94,3.935
2010-05-18,3.94,3.94,3.94
2010-05-19,3.95,3.96,3.955
2010-05-20,3.96,3.97,3.965
2010-05-21,3.96,3.96,3.96
2010-05-26,3.95,3.96,3.955
2010-05-27,3.95,3.96,3.955
2010-05-28,3.96,3.96,3.96
2010-05-31,3.96,3.97,3.965
2010-06-01,3.97,3.97,3.97
2010-06-02,3.99,4.0,3.995
2010-06-03,4.0,4.0,4.0
2010-06-04,4.0,4.0,4.0
2010-06-07,3.99,3.99,3.99
2010-06-08,4.0,4.0,4.0
2010-06-09,4.01,4.01,4.01
2010-06-10,4.04,4.04,4.04
2010-06-11,4.01,4.01,4.01
2010-06-14,4.0,4.0,4.0
2010-06-15,4.02,4.02,4.02
2010-06-16,4.02,4.02,4.02
2010-06-17,4.03,4.03,4.03
2010-06-18,4.02,4.03,4.025
2010-06-22,4.01,4.02,4.015
2010-06-23,4.02,4.02,4.02
2010-06-24,4.02,4.03,4.025
2010-06-25,4.01,4.02,4.015
2010-06-28,4.0,4.0,4.0
2010-06-29,4.0,4.0,4.0
2010-06-30,4.01,4.01,4.01
2010-07-01,4.0,4.01,4.005
2010-07-02,4.0,4.01,4.005
2010-07-05,3.99,4.0,3.995
2010-07-06,3.98,3.99,3.9850000000000003
2010-07-07,3.98,3.98,3.98
2010-07-08,3.97,3.98,3.975
2010-07-12,3.98,3.98,3.98
2010-07-13,4.0,4.01,4.005
2010-07-14,4.0,4.0,4.0
2010-07-15,4.0,4.01,4.005
2010-07-16,4.01,4.01,4.01
2010-07-19,4.01,4.01,4.01
2010-07-20,4.01,4.01,4.01
2010-07-21,4.01,4.01,4.01
2010-07-22,4.01,4.02,4.015
2010-07-23,4.02,4.02,4.02
2010-07-26,4.02,4.02,4.02
2010-07-27,4.02,4.03,4.025
2010-07-28,4.03,4.03,4.03
2010-07-29,4.03,4.03,4.03
2010-07-30,4.03,4.03,4.03
2010-08-02,4.01,4.02,4.015
2010-08-03,4.01,4.02,4.015
2010-08-04,4.0,4.01,4.005
2010-08-05,4.01,4.02,4.015
2010-08-06,3.99,3.99,3.99
2010-08-09,3.99,4.0,3.995
2010-08-10,3.99,4.0,3.995
2010-08-11,4.0,4.0,4.0
2010-08-12,4.01,4.01,4.01
2010-08-13,4.01,4.02,4.015
2010-08-17,4.0,4.01,4.005
2010-08-18,4.0,4.01,4.005
2010-08-19,4.0,4.01,4.005
2010-08-20,4.0,4.0,4.0
2010-08-23,4.0,4.0,4.0
2010-08-24,4.01,4.02,4.015
2010-08-25,4.02,4.03,4.025
2010-08-26,4.02,4.03,4.025
2010-08-27,4.01,4.02,4.015
2010-08-30,4.0,4.01,4.005
2010-08-31,4.0,4.01,4.005
2010-09-01,4.0,4.0,4.0
2010-09-02,4.0,4.01,4.005
2010-09-03,4.0,4.0,4.0
2010-09-06,3.99,4.0,3.995
2010-09-07,3.98,3.99,3.9850000000000003
2010-09-08,3.99,3.99,3.99
2010-09-09,4.0,4.01,4.005
2010-09-10,4.0,4.0,4.0
2010-09-13,3.99,4.0,3.995
2010-09-14,4.0,4.01,4.005
2010-09-15,4.0,4.01,4.005
2010-09-16,4.0,4.01,4.005
2010-09-17,4.01,4.01,4.01
2010-09-20,4.0,4.01,4.005
2010-09-21,4.01,4.01,4.01
2010-09-22,4.01,4.02,4.015
2010-09-23,4.02,4.03,4.025
2010-09-24,4.02,4.03,4.025
2010-09-27,4.02,4.02,4.02
2010-09-28,4.02,4.03,4.025
2010-09-29,4.03,4.03,4.03
2010-09-30,4.03,4.03,4.03
2010-10-01,4.02,4.03,4.025
2010-10-04,4.02,4.02,4.02
2010-10-05,4.01,4.02,4.015
2010-10-06,4.01,4.02,4.015
2010-10-07,4.0,4.01,4.005
2010-10-08,4.0,4.0,4.0
2010-10-12,4.0,4.0,4.0
2010-10-13,4.01,4.02,4.015
2010-10-14,4.02,4.02,4.02
2010-10-15,4.02,4.03,4.025
2010-10-18,4.02,4.03,4.025
2010-10-19,4.03,4.03,4.03
2010-10-20,4.04,4.04,4.04
2010-10-21,4.04,4.04,4.04
2010-10-22,4.04,4.04,4.04
2010-10-25,4.03,4.04,4.035
2010-10-26,4.03,4.04,4.035
2010-10-28,4.04,4.04,4.04
2010-10-29,4.03,4.04,4.035
2010-11-01,4.03,4.03,4.03
2010-11-02,4.03,4.04,4.035
2010-11-03,4.03,4.04,4.035
2010-11-04,4.03,4.04,4.035
2010-11-05,4.02,4.02,4.02
2010-11-08,4.01,4.02,4.015
2010-11-09,4.01,4.02,4.015
2010-11-10,4.02,4.03,4.025
2010-11-11,4.04,4.04,4.04
2010-11-12,4.03,4.04,4.035
2010-11-15,4.02,4.03,4.025
2010-11-16,4.03,4.04,4.035
2010-11-17,4.05,4.05,4.05
2010-11-18,4.05,4.06,4.055
2010-11-19,4.05,4.06,4.055
2010-11-23,4.05,4.05,4.05
2010-11-24,4.06,4.07,4.0649999999999995
2010-11-25,4.07,4.07,4.07
2010-11-26,4.06,4.07,4.0649999999999995
2010-11-29,4.06,4.06,4.06
2010-11-30,4.06,4.07,4.0649999999999995
2010-12-01,4.06,4.06,4.06
2010-12-02,4.07,4.07,4.07
2010-12-03,4.06,4.06,4.06
2010-12-06,4.04,4.04,4.04
2010-12-07,4.04,4.04,4.04
2010-12-09,4.03,4.04,4.035
2010-12-10,4.04,4.04,4.04
2010-12-13,4.04,4.05,4.045
2010-12-14,4.05,4.05,4.05
2010-12-15,4.06,4.07,4.0649999999999995
2010-12-16,4.06,4.07,4.0649999999999995
2010-12-17,4.07,4.08,4.075
2010-12-20,4.06,4.07,4.0649999999999995
2010-12-21,4.07,4.07,4.07
2010-12-22,4.07,4.08,4.075
2010-12-23,4.08,4.09,4.085
2010-12-27,4.09,4.09,4.09
2010-12-28,4.1,4.11,4.105
2010-12-29,4.11,4.12,4.115
2010-12-30,4.1,4.11,4.105
2011-01-03,4.11,4.11,4.11
2011-01-04,4.12,4.12,4.12
2011-01-05,4.13,4.14,4.135
2011-01-06,4.13,4.14,4.135
2011-01-07,4.12,4.12,4.12
2011-01-10,4.11,4.11,4.11
2011-01-11,4.13,4.13,4.13
2011-01-12,4.13,4.13,4.13
2011-01-13,4.13,4.14,4.135
2011-01-14,4.13,4.14,4.135
2011-01-17,4.13,4.13,4.13
2011-01-18,4.14,4.15,4.145
2011-01-19,4.14,4.15,4.145
2011-01-20,4.15,4.15,4.15
2011-01-21,4.14,4.15,4.145
2011-01-24,4.14,4.14,4.14
2011-01-25,4.14,4.14,4.14
2011-01-26,4.14,4.15,4.145
2011-01-27,4.15,4.15,4.15
2011-01-28,4.15,4.15,4.15
2011-01-31,4.13,4.14,4.135
2011-02-01,4.13,4.13,4.13
2011-02-02,4.11,4.12,4.115
2011-02-03,4.11,4.12,4.115
2011-02-04,4.11,4.12,4.115
2011-02-07,4.11,4.12,4.115
2011-02-08,4.13,4.14,4.135
2011-02-09,4.13,4.14,4.135
2011-02-10,4.13,4.14,4.135
2011-02-11,4.14,4.15,4.145
2011-02-14,4.14,4.14,4.14
2011-02-15,4.15,4.16,4.155
2011-02-16,4.16,4.17,4.165
2011-02-17,4.17,4.18,4.175
2011-02-18,4.17,4.18,4.175
2011-02-21,4.16,4.16,4.16
2011-02-22,4.16,4.16,4.16
2011-02-23,4.16,4.17,4.165
2011-02-24,4.17,4.17,4.17
2011-02-25,4.16,4.17,4.165
2011-02-28,4.15,4.15,4.15
2011-03-01,4.15,4.15,4.15
2011-03-02,4.14,4.15,4.145
2011-03-03,4.14,4.14,4.14
2011-03-04,4.13,4.13,4.13
2011-03-09,4.11,4.12,4.115
2011-03-10,4.11,4.11,4.11
2011-03-11,4.14,4.14,4.14
2011-03-14,4.14,4.14,4.14
2011-03-15,4.16,4.16,4.16
2011-03-16,4.16,4.17,4.165
2011-03-17,4.16,4.16,4.16
2011-03-18,4.15,4.16,4.155
2011-03-21,4.16,4.16,4.16
2011-03-22,4.15,4.16,4.155
2011-03-23,4.16,4.17,4.165
2011-03-28,4.16,4.17,4.165
2011-03-29,4.16,4.17,4.165
2011-03-30,4.16,4.16,4.16
2011-03-31,4.15,4.16,4.155
2011-04-01,4.15,4.16,4.155
2011-04-04,4.15,4.16,4.155
2011-04-05,4.15,4.16,4.155
2011-04-06,4.16,4.16,4.16
2011-04-07,4.16,4.16,4.16
2011-04-08,4.16,4.16,4.16
2011-04-11,4.16,4.16,4.16
2011-04-12,4.17,4.17,4.17
2011-04-13,4.18,4.18,4.18
2011-04-14,4.2,4.2,4.2
2011-04-15,4.2,4.2,4.2
2011-04-18,4.2,4.2,4.2
2011-04-19,4.21,4.22,4.215
2011-04-20,4.22,4.22,4.22
2011-04-25,4.24,4.25,4.245
2011-04-26,4.27,4.28,4.275
2011-04-27,4.28,4.29,4.285
2011-04-28,4.32,4.33,4.325
2011-04-29,4.3,4.31,4.305
2011-05-02,4.26,4.27,4.265
2011-05-03,4.28,4.29,4.285
2011-05-04,4.27,4.27,4.27
2011-05-05,4.27,4.27,4.27
2011-05-06,4.26,4.27,4.265
2011-05-09,4.26,4.27,4.265
2011-05-10,4.27,4.28,4.275
2011-05-11,4.28,4.28,4.28
2011-05-12,4.28,4.29,4.285
2011-05-13,4.28,4.29,4.285
2011-05-16,4.29,4.29,4.29
2011-05-17,4.31,4.32,4.3149999999999995
2011-05-18,4.32,4.32,4.32
2011-05-19,4.33,4.33,4.33
2011-05-20,4.33,4.33,4.33
2011-05-23,4.34,4.34,4.34
2011-05-24,4.35,4.35,4.35
2011-05-26,4.34,4.34,4.34
2011-05-27,4.34,4.34,4.34
2011-05-30,4.32,4.33,4.325
2011-05-31,4.29,4.3,4.295
2011-06-01,4.3,4.31,4.305
2011-06-02,4.29,4.3,4.295
2011-06-03,4.28,4.28,4.28
2011-06-06,4.26,4.27,4.265
2011-06-07,4.26,4.26,4.26
2011-06-08,4.27,4.28,4.275
2011-06-09,4.26,4.26,4.26
2011-06-10,4.26,4.26,4.26
2011-06-13,4.26,4.26,4.26
2011-06-14,4.28,4.29,4.285
2011-06-15,4.3,4.31,4.305
2011-06-16,4.31,4.31,4.31
2011-06-17,4.3,4.3,4.3
2011-06-21,4.29,4.29,4.29
2011-06-22,4.29,4.3,4.295
2011-06-23,4.3,4.3,4.3
2011-06-24,4.3,4.3,4.3
2011-06-27,4.29,4.29,4.29
2011-06-28,4.29,4.29,4.29
2011-06-29,4.29,4.29,4.29
2011-06-30,4.27,4.27,4.27
2011-07-01,4.27,4.28,4.275
2011-07-04,4.26,4.27,4.265
2011-07-05,4.26,4.26,4.26
2011-07-06,4.27,4.27,4.27
2011-07-07,4.26,4.26,4.26
2011-07-08,4.26,4.26,4.26
2011-07-11,4.26,4.26,4.26
2011-07-12,4.27,4.27,4.27
2011-07-13,4.28,4.28,4.28
2011-07-14,4.28,4.29,4.285
2011-07-15,4.29,4.29,4.29
2011-07-18,4.29,4.29,4.29
2011-07-19,4.31,4.31,4.31
2011-07-20,4.31,4.32,4.3149999999999995
2011-07-21,4.31,4.32,4.3149999999999995
2011-07-22,4.32,4.32,4.32
2011-07-25,4.32,4.33,4.325
2011-07-26,4.34,4.34,4.34
2011-07-27,4.34,4.35,4.345
2011-07-28,4.34,4.34,4.34
2011-07-29,4.34,4.34,4.34
2011-08-01,4.32,4.32,4.32
2011-08-02,4.32,4.33,4.325
2011-08-03,4.32,4.33,4.325
2011-08-04,4.32,4.32,4.32
2011-08-05,4.32,4.32,4.32
2011-08-08,4.3,4.31,4.305
2011-08-09,4.34,4.34,4.34
2011-08-10,4.35,4.35,4.35
2011-08-11,4.34,4.35,4.345
2011-08-12,4.35,4.35,4.35
2011-08-15,4.33,4.34,4.335
2011-08-16,4.35,4.35,4.35
2011-08-17,4.36,4.36,4.36
2011-08-18,4.37,4.37,4.37
2011-08-19,4.37,4.37,4.37
2011-08-23,4.36,4.37,4.365
2011-08-24,4.39,4.39,4.39
2011-08-25,4.42,4.42,4.42
2011-08-26,4.43,4.44,4.4350000000000005
2011-08-29,4.44,4.44,4.44
2011-08-30,4.44,4.44,4.44
2011-08-31,4.43,4.43,4.43
2011-09-01,4.41,4.42,4.415
2011-09-02,4.42,4.43,4.425
2011-09-05,4.41,4.42,4.415
2011-09-06,4.41,4.42,4.415
2011-09-07,4.42,4.43,4.425
2011-09-08,4.42,4.43,4.425
2011-09-09,4.43,4.43,4.43
2011-09-12,4.43,4.43,4.43
2011-09-13,4.43,4.44,4.4350000000000005
2011-09-14,4.43,4.44,4.4350000000000005
2011-09-15,4.44,4.44,4.44
2011-09-16,4.44,4.44,4.44
2011-09-19,4.44,4.44,4.44
2011-09-20,4.44,4.44,4.44
2011-09-21,4.43,4.44,4.4350000000000005
2011-09-22,4.44,4.45,4.445
2011-09-23,4.48,4.49,4.485
2011-09-26,4.47,4.47,4.47
2011-09-27,4.45,4.45,4.45
2011-09-28,4.45,4.45,4.45
2011-09-29,4.43,4.43,4.43
2011-09-30,4.43,4.43,4.43
2011-10-03,4.42,4.42,4.42
2011-10-04,4.43,4.44,4.4350000000000005
2011-10-05,4.43,4.43,4.43
2011-10-06,4.4,4.41,4.405
2011-10-07,4.39,4.4,4.395
2011-10-11,4.39,4.39,4.39
2011-10-12,4.37,4.38,4.375
2011-10-13,4.42,4.43,4.425
2011-10-14,4.42,4.43,4.425
2011-10-17,4.41,4.41,4.41
2011-10-18,4.41,4.42,4.415
2011-10-19,4.45,4.45,4.45
2011-10-20,4.46,4.47,4.465
2011-10-21,4.47,4.47,4.47
2011-10-24,4.46,4.46,4.46
2011-10-25,4.46,4.47,4.465
2011-10-26,4.47,4.48,4.475
2011-10-27,4.49,4.5,4.495
2011-10-28,4.48,4.49,4.485
2011-10-31,4.48,4.49,4.485
2011-11-01,4.6,4.62,4.609999999999999
2011-11-02,4.67,4.69,4.68
2011-11-03,4.66,4.68,4.67
2011-11-04,4.66,4.67,4.665
2011-11-07,4.66,4.68,4.67
2011-11-08,4.73,4.75,4.74
2011-11-09,4.85,4.87,4.859999999999999
2011-11-10,4.97,5.0,4.984999999999999
2011-11-11,4.97,4.99,4.98
2011-11-14,4.77,4.79,4.779999999999999
2011-11-15,4.6,4.75,4.675
2011-11-16,4.6,4.75,4.675
2011-11-17,4.6,4.7,4.65
2011-11-18,4.6,4.75,4.675
2011-11-21,4.6,4.7,4.65
2011-11-22,4.6,4.7,4.65
2011-11-23,4.6,4.7,4.65
2011-11-24,4.6,4.73,4.665
2011-11-25,4.65,4.75,4.7
2011-11-29,4.65,4.75,4.7
2011-11-30,4.62,4.74,4.68
2011-12-01,4.7,4.75,4.725
2011-12-02,4.6,4.73,4.665
2011-12-05,4.6,4.71,4.654999999999999
2011-12-06,4.6,4.71,4.654999999999999
2011-12-07,4.52,4.63,4.574999999999999
2011-12-12,4.62,4.73,4.675000000000001
2011-12-13,4.52,4.63,4.574999999999999
2011-12-14,4.59,4.61,4.6
2011-12-15,4.6,4.62,4.609999999999999
2011-12-16,4.6,4.61,4.605
2011-12-19,4.62,4.64,4.63
2011-12-20,4.61,4.63,4.62
2011-12-21,4.61,4.63,4.62
2011-12-22,4.63,4.65,4.640000000000001
2011-12-23,4.65,4.67,4.66
2011-12-27,4.69,4.71,4.7
2011-12-28,4.73,4.74,4.735
2011-12-29,4.73,4.74,4.735
2011-12-30,4.73,4.74,4.735
2012-01-03,4.74,4.75,4.745
2012-01-04,4.77,4.78,4.775
2012-01-05,4.78,4.79,4.785
2012-01-06,4.78,4.79,4.785
2012-01-09,4.78,4.79,4.785
2012-01-10,4.78,4.79,4.785
2012-01-11,4.79,4.8,4.795
2012-01-12,4.79,4.8,4.795
2012-01-13,4.8,4.81,4.805
2012-01-16,4.8,4.81,4.805
2012-01-17,4.8,4.81,4.805
2012-01-18,4.82,4.83,4.825
2012-01-19,4.83,4.84,4.835
2012-01-20,4.83,4.84,4.835
2012-01-23,4.83,4.84,4.835
2012-01-24,4.83,4.84,4.835
2012-01-25,4.83,4.84,4.835
2012-01-26,4.84,4.85,4.845
2012-01-27,4.83,4.84,4.835
2012-01-30,4.8,4.81,4.805
2012-01-31,4.78,4.79,4.785
2012-02-01,4.77,4.78,4.775
2012-02-02,4.77,4.78,4.775
2012-02-03,4.77,4.78,4.775
2012-02-06,4.76,4.77,4.765
2012-02-07,4.72,4.73,4.725
2012-02-08,4.72,4.73,4.725
2012-02-09,4.75,4.76,4.755
2012-02-10,4.75,4.76,4.755
2012-02-13,4.73,4.74,4.735
2012-02-14,4.73,4.74,4.735
2012-02-15,4.75,4.76,4.755
2012-02-16,4.73,4.74,4.735
2012-02-17,4.75,4.76,4.755
2012-02-22,4.73,4.74,4.735
2012-02-23,4.72,4.73,4.725
2012-02-24,4.72,4.73,4.725
2012-02-28,4.71,4.73,4.720000000000001
2012-02-29,4.71,4.72,4.715
2012-03-01,4.69,4.7,4.695
2012-03-02,4.68,4.69,4.6850000000000005
2012-03-05,4.68,4.69,4.6850000000000005
2012-03-06,4.68,4.69,4.6850000000000005
2012-03-07,4.7,4.71,4.705
2012-03-08,4.7,4.71,4.705
2012-03-09,4.7,4.71,4.705
2012-03-12,4.71,4.72,4.715
2012-03-13,4.71,4.72,4.715
2012-03-14,4.73,4.74,4.735
2012-03-15,4.78,4.79,4.785
2012-03-16,4.81,4.82,4.8149999999999995
2012-03-19,4.78,4.79,4.785
2012-03-20,4.81,4.82,4.8149999999999995
2012-03-21,4.85,4.86,4.855
2012-03-22,4.86,4.87,4.865
2012-03-23,4.88,4.89,4.885
2012-03-26,4.9,4.91,4.905
2012-03-27,4.92,4.93,4.925
2012-03-28,4.92,4.93,4.925
2012-03-29,4.93,4.94,4.9350000000000005
2012-03-30,4.92,4.93,4.925
2012-04-03,4.88,4.89,4.885
2012-04-04,4.9,4.91,4.905
2012-04-09,4.88,4.89,4.885
2012-04-10,4.87,4.88,4.875
2012-04-11,4.88,4.89,4.885
2012-04-12,4.9,4.91,4.905
2012-04-13,4.92,4.93,4.925
2012-04-16,4.94,4.95,4.945
2012-04-17,4.99,5.01,5.0
2012-04-18,5.0,5.02,5.01
2012-04-19,5.01,5.02,5.015
2012-04-20,5.01,5.02,5.015
2012-04-23,5.03,5.04,5.035
2012-04-24,5.11,5.13,5.12
2012-04-25,5.12,5.14,5.13
2012-04-26,5.08,5.1,5.09
2012-04-27,5.07,5.09,5.08
2012-05-02,5.06,5.08,5.07
2012-05-03,5.03,5.05,5.04
2012-05-04,5.02,5.04,5.029999999999999
2012-05-07,5.03,5.05,5.04
2012-05-08,5.04,5.06,5.05
2012-05-09,5.06,5.08,5.07
2012-05-10,5.08,5.1,5.09
2012-05-11,5.16,5.18,5.17
2012-05-14,5.26,5.28,5.27
2012-05-15,5.52,5.55,5.535
2012-05-16,5.46,5.49,5.475
2012-05-17,5.56,5.59,5.574999999999999
2012-05-18,5.6,5.63,5.615
2012-05-21,5.69,5.72,5.705
2012-05-22,5.9,5.94,5.92
2012-05-23,6.11,6.15,6.130000000000001
2012-05-24,5.9,5.93,5.915
2012-05-28,5.85,5.89,5.869999999999999
2012-05-29,5.87,5.91,5.890000000000001
2012-05-30,5.88,5.9,5.890000000000001
2012-05-31,5.9,5.92,5.91
2012-06-01,5.93,5.95,5.9399999999999995
2012-06-12,5.87,5.92,5.895
2012-06-13,5.87,5.92,5.895
2012-06-14,5.89,5.93,5.91
2012-06-15,5.89,5.93,5.91
2012-06-18,5.88,5.92,5.9
2012-06-19,5.9,5.94,5.92
2012-06-21,5.96,5.98,5.970000000000001
2012-06-22,5.96,5.98,5.970000000000001
2012-06-25,5.95,5.98,5.965
2012-06-26,5.92,5.94,5.93
2012-06-27,5.93,5.95,5.9399999999999995
2012-06-28,5.96,5.98,5.970000000000001
2012-06-29,5.93,5.95,5.9399999999999995
2012-07-02,5.94,5.96,5.95
2012-07-03,5.94,5.96,5.95
2012-07-04,5.94,5.96,5.95
2012-07-05,5.94,5.96,5.95
2012-07-06,5.94,5.96,5.95
2012-07-10,5.95,5.97,5.96
2012-07-11,5.98,6.0,5.99
2012-07-12,6.08,6.1,6.09
2012-07-13,6.14,6.17,6.154999999999999
2012-07-16,6.28,6.31,6.295
2012-07-17,6.55,6.6,6.574999999999999
2012-07-18,6.7,6.74,6.720000000000001
2012-07-19,6.57,6.6,6.585
2012-07-20,6.4,6.45,6.425000000000001
2012-07-23,6.37,6.42,6.395
2012-07-24,6.39,6.43,6.41
2012-07-25,6.41,6.45,6.43
2012-07-26,6.38,6.42,6.4
2012-07-27,6.41,6.45,6.43
2012-07-30,6.34,6.37,6.355
2012-07-31,6.29,6.32,6.305
2012-08-01,6.24,6.27,6.255
2012-08-02,6.18,6.21,6.195
2012-08-03,6.17,6.2,6.1850000000000005
2012-08-06,6.18,6.21,6.195
2012-08-07,6.23,6.26,6.245
2012-08-08,6.23,6.26,6.245
2012-08-09,6.23,6.26,6.245
2012-08-10,6.24,6.27,6.255
2012-08-13,6.25,6.28,6.265000000000001
2012-08-14,6.27,6.3,6.285
2012-08-15,6.29,6.32,6.305
2012-08-16,6.3,6.33,6.3149999999999995
2012-08-17,6.3,6.33,6.3149999999999995
2012-08-21,6.32,6.35,6.335
2012-08-22,6.37,6.4,6.385
2012-08-23,6.39,6.42,6.404999999999999
2012-08-24,6.38,6.41,6.395
2012-08-27,6.36,6.38,6.37
2012-08-28,6.34,6.36,6.35
2012-08-29,6.35,6.37,6.359999999999999
2012-08-30,6.35,6.37,6.359999999999999
2012-08-31,6.35,6.37,6.359999999999999
2012-09-03,6.32,6.34,6.33
2012-09-04,6.33,6.35,6.34
2012-09-05,6.33,6.35,6.34
2012-09-06,6.32,6.34,6.33
2012-09-07,6.31,6.33,6.32
2012-09-10,6.31,6.33,6.32
2012-09-11,6.28,6.3,6.29
2012-09-12,6.3,6.32,6.3100000000000005
2012-09-13,6.28,6.3,6.29
2012-09-14,6.29,6.31,6.3
2012-09-17,6.28,6.3,6.29
2012-09-18,6.29,6.31,6.3
2012-09-19,6.29,6.31,6.3
2012-09-20,6.3,6.32,6.3100000000000005
2012-09-21,6.3,6.32,6.3100000000000005
2012-09-25,6.3,6.32,6.3100000000000005
2012-09-26,6.27,6.29,6.279999999999999
2012-09-27,6.28,6.3,6.29
2012-09-28,6.28,6.3,6.29
2012-10-01,6.24,6.26,6.25
2012-10-02,6.24,6.26,6.25
2012-10-03,6.23,6.25,6.24
2012-10-04,6.17,6.19,6.18
2012-10-05,6.16,6.18,6.17
2012-10-09,6.18,6.2,6.1899999999999995
2012-10-10,6.19,6.21,6.2
2012-10-11,6.19,6.21,6.2
2012-10-12,6.18,6.2,6.1899999999999995
2012-10-15,6.18,6.2,6.1899999999999995
2012-10-16,6.2,6.22,6.21
2012-10-17,6.31,6.33,6.32
2012-10-18,6.3,6.32,6.3100000000000005
2012-10-19,6.29,6.31,6.3
2012-10-22,6.26,6.28,6.27
2012-10-23,6.3,6.32,6.3100000000000005
2012-10-24,6.35,6.37,6.359999999999999
2012-10-25,6.35,6.37,6.359999999999999
2012-10-26,6.36,6.38,6.37
2012-10-29,6.33,6.35,6.34
2012-10-30,6.34,6.36,6.35
2012-10-31,6.32,6.34,6.33
2012-11-01,6.32,6.34,6.33
2012-11-02,6.31,6.33,6.32
2012-11-05,6.32,6.34,6.33
2012-11-07,6.28,6.3,6.29
2012-11-08,6.31,6.33,6.32
2012-11-09,6.31,6.33,6.32
2012-11-12,6.3,6.32,6.3100000000000005
2012-11-13,6.3,6.32,6.3100000000000005
2012-11-14,6.33,6.35,6.34
2012-11-15,6.33,6.35,6.34
2012-11-16,6.38,6.4,6.390000000000001
2012-11-19,6.34,6.36,6.35
2012-11-20,6.34,6.36,6.35
2012-11-21,6.36,6.38,6.37
2012-11-22,6.39,6.41,6.4
2012-11-23,6.44,6.46,6.45
2012-11-27,6.43,6.45,6.4399999999999995
2012-11-28,6.45,6.47,6.46
2012-11-29,6.42,6.44,6.43
2012-11-30,6.42,6.44,6.43
2012-12-03,6.42,6.44,6.43
2012-12-04,6.42,6.44,6.43
2012-12-05,6.42,6.44,6.43
2012-12-06,6.42,6.44,6.43
2012-12-07,6.45,6.47,6.46
2012-12-10,6.43,6.45,6.4399999999999995
2012-12-11,6.42,6.44,6.43
2012-12-12,6.46,6.48,6.470000000000001
2012-12-13,6.5,6.52,6.51
2012-12-14,6.51,6.53,6.52
2012-12-17,6.5,6.52,6.51
2012-12-18,6.51,6.53,6.52
2012-12-19,6.53,6.55,6.54
2012-12-20,6.61,6.63,6.62
2012-12-21,6.59,6.61,6.6
2012-12-26,6.62,6.64,6.63
2012-12-27,6.76,6.78,6.77
2012-12-28,6.78,6.8,6.79
2012-12-31,6.78,6.8,6.79
2013-01-02,6.89,6.91,6.9
2013-01-03,7.05,7.07,7.0600000000000005
2013-01-04,7.02,7.04,7.029999999999999
2013-01-07,7.02,7.04,7.029999999999999
2013-01-08,7.03,7.05,7.04
2013-01-09,7.1,7.12,7.109999999999999
2013-01-10,7.22,7.25,7.234999999999999
2013-01-11,7.18,7.2,7.1899999999999995
2013-01-14,7.23,7.25,7.24
2013-01-15,7.34,7.36,7.35
2013-01-16,7.47,7.5,7.484999999999999
2013-01-17,7.49,7.51,7.5
2013-01-18,7.46,7.48,7.470000000000001
2013-01-21,7.42,7.44,7.43
2013-01-22,7.41,7.43,7.42
2013-01-23,7.5,7.52,7.51
2013-01-24,7.54,7.56,7.55
2013-01-25,7.6,7.62,7.609999999999999
2013-01-28,7.64,7.66,7.65
2013-01-29,7.77,7.8,7.785
2013-01-30,7.89,7.92,7.904999999999999
2013-02-01,7.9,7.92,7.91
2013-02-04,7.7,7.72,7.71
2013-02-05,7.56,7.59,7.574999999999999
2013-02-06,7.68,7.7,7.6899999999999995
2013-02-07,7.65,7.68,7.665
2013-02-08,7.65,7.67,7.66
2013-02-13,7.63,7.65,7.640000000000001
2013-02-14,7.64,7.66,7.65
2013-02-15,7.69,7.71,7.7
2013-02-18,7.68,7.7,7.6899999999999995
2013-02-19,7.79,7.81,7.8
2013-02-21,7.81,7.83,7.82
2013-02-22,7.78,7.8,7.79
2013-02-25,7.76,7.78,7.77
2013-02-26,7.8,7.82,7.8100000000000005
2013-02-27,7.8,7.82,7.8100000000000005
2013-02-28,7.82,7.84,7.83
2013-03-01,7.82,7.84,7.83
2013-03-04,7.8,7.82,7.8100000000000005
2013-03-05,7.8,7.82,7.8100000000000005
2013-03-06,7.81,7.83,7.82
2013-03-07,7.8,7.82,7.8100000000000005
2013-03-08,7.81,7.83,7.82
2013-03-11,7.8,7.82,7.8100000000000005
2013-03-12,7.82,7.84,7.83
2013-03-13,7.9,7.92,7.91
2013-03-14,7.97,7.99,7.98
2013-03-15,8.03,8.05,8.04
2013-03-18,8.06,8.08,8.07
2013-03-19,8.25,8.27,8.26
2013-03-20,8.7,8.75,8.725
2013-03-21,8.4,8.45,8.425
2013-03-22,8.42,8.48,8.45
2013-03-25,8.22,8.27,8.245000000000001
2013-03-26,8.25,8.3,8.275
2013-03-27,8.38,8.43,8.405000000000001
2013-04-03,8.25,8.3,8.275
2013-04-04,8.3,8.32,8.31
2013-04-05,8.37,8.4,8.385
2013-04-08,8.3,8.33,8.315000000000001
2013-04-09,8.34,8.37,8.355
2013-04-10,8.37,8.39,8.379999999999999
2013-04-11,8.42,8.44,8.43
2013-04-12,8.41,8.43,8.42
2013-04-15,8.4,8.42,8.41
2013-04-16,8.5,8.52,8.51
2013-04-17,8.67,8.7,8.684999999999999
2013-04-18,8.63,8.66,8.645
2013-04-19,8.6,8.63,8.615
2013-04-22,8.63,8.67,8.65
2013-04-23,8.82,8.86,8.84
2013-04-24,8.91,8.94,8.925
2013-04-25,9.16,9.2,9.18
2013-04-26,9.3,9.34,9.32
2013-04-29,9.27,9.3,9.285
2013-04-30,9.37,9.4,9.385
2013-05-02,9.6,9.63,9.615
2013-05-03,9.84,9.88,9.86
2013-05-06,9.83,9.87,9.85
2013-05-07,10.04,10.08,10.059999999999999
2013-05-08,10.4,10.45,10.425
2013-05-09,9.98,10.03,10.004999999999999
2013-05-10,9.98,10.03,10.004999999999999
2013-05-13,9.98,10.03,10.004999999999999
2013-05-14,9.15,9.2,9.175
2013-05-15,9.0,9.05,9.025
2013-05-16,8.9,8.95,8.925
2013-05-17,8.9,8.95,8.925
2013-05-20,8.85,8.9,8.875
2013-05-21,8.53,8.58,8.555
2013-05-22,8.38,8.43,8.405000000000001
2013-05-23,8.75,8.8,8.775
2013-05-24,8.9,8.95,8.925
2013-05-27,8.88,8.93,8.905000000000001
2013-05-28,8.83,8.88,8.855
2013-05-29,8.83,8.88,8.855
2013-05-30,8.82,8.87,8.844999999999999
2013-05-31,8.75,8.8,8.775
2013-06-03,8.55,8.6,8.575
2013-06-04,8.45,8.5,8.475
2013-06-05,8.5,8.55,8.525
2013-06-06,8.52,8.57,8.545
2013-06-07,8.52,8.57,8.545
2013-06-10,8.52,8.57,8.545
2013-06-11,8.52,8.57,8.545
2013-06-12,8.2,8.25,8.225
2013-06-13,7.95,8.0,7.975
2013-06-14,7.95,8.0,7.975
2013-06-17,7.95,8.0,7.975
2013-06-18,7.81,7.86,7.835
2013-06-19,7.93,7.98,7.955
2013-06-24,8.0,8.05,8.025
2013-06-25,8.0,8.05,8.025
2013-06-26,8.0,8.05,8.025
2013-06-27,8.0,8.05,8.025
2013-06-28,8.0,8.05,8.025
2013-07-01,7.93,7.98,7.955
2013-07-02,7.88,7.93,7.904999999999999
2013-07-03,7.9,7.95,7.925000000000001
2013-07-04,7.93,7.98,7.955
2013-07-05,7.92,7.97,7.945
2013-07-08,7.93,7.98,7.955
2013-07-10,8.04,8.09,8.065
2013-07-11,8.16,8.2,8.18
2013-07-12,8.3,8.35,8.325
2013-07-15,8.53,8.58,8.555
2013-07-16,8.7,8.75,8.725
2013-07-17,8.7,8.75,8.725
2013-07-18,8.52,8.57,8.545
2013-07-19,8.47,8.52,8.495000000000001
2013-07-22,8.45,8.5,8.475
2013-07-23,8.45,8.5,8.475
2013-07-24,8.53,8.58,8.555
2013-07-25,8.46,8.51,8.485
2013-07-26,8.46,8.51,8.485
2013-07-29,8.48,8.53,8.504999999999999
2013-07-30,8.48,8.53,8.504999999999999
2013-07-31,8.48,8.53,8.504999999999999
2013-08-01,8.49,8.54,8.515
2013-08-02,8.51,8.56,8.535
2013-08-05,8.51,8.56,8.535
2013-08-06,8.53,8.58,8.555
2013-08-07,8.55,8.6,8.575
2013-08-09,8.73,8.78,8.754999999999999
2013-08-12,8.67,8.72,8.695
2013-08-13,8.69,8.74,8.715
2013-08-14,8.8,8.85,8.825
2013-08-15,8.8,8.85,8.825
2013-08-16,8.8,8.85,8.825
2013-08-20,8.81,8.86,8.835
2013-08-21,8.84,8.89,8.865
2013-08-22,8.9,8.95,8.925
2013-08-23,8.94,8.99,8.965
2013-08-26,8.98,9.03,9.004999999999999
2013-08-27,9.36,9.41,9.385
2013-08-28,9.33,9.38,9.355
2013-08-29,9.33,9.38,9.355
2013-08-30,9.2,9.25,9.225
2013-09-02,9.17,9.22,9.195
2013-09-03,9.15,9.2,9.175
2013-09-04,9.15,9.2,9.175
2013-09-05,9.18,9.23,9.205
2013-09-06,9.17,9.22,9.195
2013-09-09,9.17,9.22,9.195
2013-09-10,9.13,9.18,9.155000000000001
2013-09-11,9.16,9.21,9.185
2013-09-12,9.17,9.22,9.195
2013-09-13,9.17,9.25,9.21
2013-09-16,9.2,9.25,9.225
2013-09-17,9.28,9.33,9.305
2013-09-18,9.28,9.33,9.305
2013-09-19,9.3,9.35,9.325
2013-09-20,9.3,9.35,9.325
2013-09-23,9.32,9.37,9.344999999999999
2013-09-24,9.34,9.39,9.365
2013-09-25,9.4,9.45,9.425
2013-09-26,9.44,9.5,9.469999999999999
2013-09-27,9.48,9.53,9.504999999999999
2013-09-30,9.43,9.48,9.455
2013-10-01,9.48,9.53,9.504999999999999
2013-10-02,9.52,9.57,9.545
2013-10-03,9.55,9.6,9.575
2013-10-04,9.5,9.55,9.525
2013-10-07,9.5,9.55,9.525
2013-10-08,9.57,9.62,9.594999999999999
2013-10-09,9.65,9.7,9.675
2013-10-10,9.72,9.77,9.745000000000001
2013-10-11,9.67,9.72,9.695
2013-10-15,9.55,9.6,9.575
2013-10-16,9.71,9.76,9.735
2013-10-17,9.8,9.85,9.825
2013-10-18,9.83,9.88,9.855
2013-10-21,9.85,9.9,9.875
2013-10-22,10.0,10.05,10.025
2013-10-23,10.0,10.05,10.025
2013-10-28,9.7,9.75,9.725
2013-10-29,9.83,9.88,9.855
2013-10-30,9.88,9.93,9.905000000000001
2013-10-31,9.87,9.92,9.895
2013-11-01,9.88,9.93,9.905000000000001
2013-11-04,9.83,9.88,9.855
2013-11-05,9.78,9.83,9.805
2013-11-06,9.78,9.83,9.805
2013-11-07,9.74,9.79,9.765
2013-11-08,9.75,9.8,9.775
2013-11-11,9.74,9.79,9.765
2013-11-12,9.75,9.8,9.775
2013-11-13,9.85,9.9,9.875
2013-11-14,9.94,9.99,9.965
2013-11-15,9.89,9.94,9.915
2013-11-18,9.82,9.87,9.844999999999999
2013-11-19,9.87,9.92,9.895
2013-11-20,9.88,9.93,9.905000000000001
2013-11-21,9.89,9.94,9.915
2013-11-22,9.87,9.92,9.895
2013-11-26,9.76,9.81,9.785
2013-11-27,9.67,9.72,9.695
2013-11-28,9.64,9.69,9.665
2013-11-29,9.53,9.57,9.55
2013-12-02,9.13,9.18,9.155000000000001
2013-12-03,9.25,9.3,9.275
2013-12-04,9.57,9.62,9.594999999999999
2013-12-05,9.64,9.69,9.665
2013-12-06,9.45,9.5,9.475
2013-12-09,9.45,9.5,9.475
2013-12-10,9.5,9.55,9.525
2013-12-11,9.49,9.54,9.515
2013-12-12,9.5,9.55,9.525
2013-12-13,9.55,9.6,9.575
2013-12-16,9.65,9.7,9.675
2013-12-17,9.7,9.75,9.725
2013-12-18,9.75,9.8,9.775
2013-12-19,9.64,9.69,9.665
2013-12-20,9.6,9.65,9.625
2013-12-23,9.65,9.7,9.675
2013-12-26,9.85,9.9,9.875
2013-12-27,9.92,9.97,9.945
2013-12-30,9.95,10.0,9.975
2014-01-02,10.12,10.17,10.145
2014-01-03,10.25,10.3,10.275
2014-01-06,10.42,10.47,10.445
2014-01-07,10.85,10.9,10.875
2014-01-08,10.7,10.75,10.725
2014-01-09,10.75,10.8,10.775
2014-01-10,10.75,10.8,10.775
2014-01-13,10.72,10.77,10.745000000000001
2014-01-14,10.88,10.93,10.905000000000001
2014-01-15,11.16,11.21,11.185
2014-01-16,11.5,11.55,11.525
2014-01-17,11.9,11.95,11.925
2014-01-20,11.6,11.65,11.625
2014-01-21,11.81,11.86,11.835
2014-01-22,12.1,12.15,12.125
2014-01-23,13.01,13.06,13.035
2014-01-24,9.7,11.7,10.7
2014-01-27,10.15,12.15,11.15
2014-01-28,11.0,12.5,11.75
2014-01-29,11.4,12.9,12.15
2014-01-30,11.1,12.6,11.85
2014-01-31,11.15,12.65,11.9
2014-02-03,11.05,12.55,11.8
2014-02-04,11.55,12.55,12.05
2014-02-05,11.55,12.55,12.05
2014-02-06,11.9,12.4,12.15
2014-02-07,11.9,12.15,12.025
2014-02-10,11.55,11.65,11.600000000000001
2014-02-11,11.55,11.65,11.600000000000001
2014-02-12,12.0,12.1,12.05
2014-02-13,11.85,11.95,11.899999999999999
2014-02-14,11.75,11.85,11.8
2014-02-17,11.68,11.78,11.73
2014-02-18,11.68,11.78,11.73
2014-02-19,11.7,11.8,11.75
2014-02-20,11.73,11.83,11.780000000000001
2014-02-21,11.7,11.8,11.75
2014-02-24,11.65,11.7,11.675
2014-02-25,11.6,11.65,11.625
2014-02-26,11.5,11.55,11.525
2014-02-27,11.4,11.45,11.425
2014-02-28,11.2,11.25,11.225
2014-03-05,10.5,10.55,10.525
2014-03-06,10.95,11.0,10.975
2014-03-07,10.95,11.05,11.0
2014-03-10,10.85,10.95,10.899999999999999
2014-03-11,10.75,10.85,10.8
2014-03-12,10.75,10.85,10.8
2014-03-13,10.9,11.0,10.95
2014-03-14,10.85,10.95,10.899999999999999
2014-03-17,10.8,10.9,10.850000000000001
2014-03-18,10.83,10.93,10.879999999999999
2014-03-19,10.82,10.92,10.870000000000001
2014-03-20,10.85,10.95,10.899999999999999
2014-03-21,10.8,10.9,10.850000000000001
2014-03-25,10.8,10.9,10.850000000000001
2014-03-26,10.8,10.9,10.850000000000001
2014-03-27,10.75,10.85,10.8
2014-03-28,10.75,10.85,10.8
2014-03-31,10.7,10.8,10.75
2014-04-01,10.7,10.8,10.75
2014-04-03,10.65,10.75,10.7
2014-04-04,10.6,10.7,10.649999999999999
2014-04-07,10.5,10.6,10.55
2014-04-08,10.24,10.34,10.29
2014-04-09,10.2,10.3,10.25
2014-04-10,10.2,10.3,10.25
2014-04-11,10.28,10.38,10.33
2014-04-14,10.18,10.28,10.23
2014-04-15,10.3,10.4,10.350000000000001
2014-04-16,10.3,10.4,10.350000000000001
2014-04-21,10.3,10.4,10.350000000000001
2014-04-22,10.3,10.4,10.350000000000001
2014-04-23,10.4,10.5,10.45
2014-04-24,10.6,10.7,10.649999999999999
2014-04-25,10.65,10.75,10.7
2014-04-28,10.6,10.7,10.649999999999999
2014-04-29,10.5,10.6,10.55
2014-04-30,10.45,10.55,10.5
2014-05-05,10.4,10.5,10.45
2014-05-06,10.45,10.55,10.5
2014-05-07,10.6,10.7,10.649999999999999
2014-05-08,10.63,10.73,10.68
2014-05-09,10.6,10.7,10.649999999999999
2014-05-12,10.6,10.7,10.649999999999999
2014-05-13,10.6,10.8,10.7
2014-05-14,10.65,10.75,10.7
2014-05-15,10.8,10.9,10.850000000000001
2014-05-16,10.95,11.05,11.0
2014-05-19,11.2,11.3,11.25
2014-05-20,11.6,11.7,11.649999999999999
2014-05-21,11.8,11.9,11.850000000000001
2014-05-22,11.7,11.8,11.75
2014-05-23,11.27,11.37,11.32
2014-05-26,11.4,11.5,11.45
2014-05-27,11.65,11.75,11.7
2014-05-28,11.7,11.8,11.75
2014-05-29,11.6,11.7,11.649999999999999
2014-05-30,11.3,11.4,11.350000000000001
2014-06-02,11.3,11.4,11.350000000000001
2014-06-03,11.4,11.5,11.45
2014-06-04,11.45,11.55,11.5
2014-06-05,11.45,11.55,11.5
2014-06-06,11.45,11.55,11.5
2014-06-09,11.45,11.55,11.5
2014-06-10,11.5,11.6,11.55
2014-06-11,11.5,11.6,11.55
2014-06-12,11.6,11.7,11.649999999999999
2014-06-13,11.55,11.65,11.600000000000001
2014-06-16,11.75,11.85,11.8
2014-06-17,12.1,12.2,12.149999999999999
2014-06-18,12.2,12.3,12.25
2014-06-19,12.3,12.4,12.350000000000001
2014-06-23,11.7,11.8,11.75
2014-06-24,11.9,12.0,11.95
2014-06-25,11.95,12.05,12.0
2014-06-26,11.95,12.05,12.0
2014-06-27,12.05,12.15,12.100000000000001
2014-06-30,12.05,12.15,12.100000000000001
2014-07-01,11.95,12.05,12.0
2014-07-02,11.9,12.0,11.95
2014-07-03,11.85,11.95,11.899999999999999
2014-07-04,11.85,11.95,11.899999999999999
2014-07-07,11.85,11.95,11.899999999999999
2014-07-08,11.9,12.0,11.95
2014-07-10,11.9,12.0,11.95
2014-07-11,11.8,11.9,11.850000000000001
2014-07-14,11.9,12.0,11.95
2014-07-15,12.0,12.1,12.05
2014-07-16,12.1,12.2,12.149999999999999
2014-07-17,12.15,12.25,12.2
2014-07-18,12.15,12.25,12.2
2014-07-21,12.17,12.27,12.219999999999999
2014-07-22,12.35,12.45,12.399999999999999
2014-07-23,12.5,12.6,12.55
2014-07-24,12.4,12.5,12.45
2014-07-25,12.5,12.6,12.55
2014-07-28,12.9,13.0,12.95
2014-07-29,12.7,12.8,12.75
2014-07-30,12.2,12.3,12.25
2014-07-31,12.6,12.7,12.649999999999999
2014-08-01,12.7,12.8,12.75
2014-08-04,12.6,12.7,12.649999999999999
2014-08-05,12.6,12.7,12.649999999999999
2014-08-06,12.7,12.8,12.75
2014-08-07,12.7,12.8,12.75
2014-08-08,12.7,12.8,12.75
2014-08-11,12.7,12.8,12.75
2014-08-12,12.85,12.95,12.899999999999999
2014-08-13,13.05,13.15,13.100000000000001
2014-08-14,13.1,13.2,13.149999999999999
2014-08-15,13.1,13.2,13.149999999999999
2014-08-19,13.1,13.2,13.149999999999999
2014-08-20,13.45,13.55,13.5
2014-08-21,13.85,13.95,13.899999999999999
2014-08-22,13.78,13.88,13.83
2014-08-25,13.88,13.98,13.93
2014-08-26,14.1,14.2,14.149999999999999
2014-08-27,14.28,14.38,14.33
2014-08-29,13.95,14.05,14.0
2014-09-01,14.1,14.2,14.149999999999999
2014-09-02,14.15,14.25,14.2
2014-09-03,14.1,14.2,14.149999999999999
2014-09-04,13.9,14.0,13.95
2014-09-05,13.9,14.0,13.95
2014-09-08,14.1,14.2,14.149999999999999
2014-09-09,14.15,14.25,14.2
2014-09-10,14.15,14.25,14.2
2014-09-11,14.16,14.26,14.21
2014-09-12,14.25,14.35,14.3
2014-09-15,14.35,14.45,14.399999999999999
2014-09-16,14.6,14.7,14.649999999999999
2014-09-17,15.0,15.1,15.05
2014-09-18,14.9,15.0,14.95
2014-09-19,14.9,15.0,14.95
2014-09-22,15.05,15.15,15.100000000000001
2014-09-23,15.32,15.42,15.370000000000001
2014-09-24,15.85,15.95,15.899999999999999
2014-09-25,15.65,15.75,15.7
2014-09-26,15.65,15.75,15.7
2014-09-29,15.5,15.6,15.55
2014-09-30,15.6,15.7,15.649999999999999
2014-10-01,15.5,15.6,15.55
2014-10-02,15.4,15.5,15.45
2014-10-03,15.2,15.3,15.25
2014-10-06,14.85,14.95,14.899999999999999
2014-10-07,14.6,14.7,14.649999999999999
2014-10-08,14.55,14.65,14.600000000000001
2014-10-09,14.73,14.83,14.780000000000001
2014-10-10,14.85,14.95,14.899999999999999
2014-10-14,14.67,14.77,14.719999999999999
2014-10-15,14.63,14.73,14.68
2014-10-16,14.55,14.65,14.600000000000001
2014-10-17,14.6,14.7,14.649999999999999
2014-10-20,14.58,14.68,14.629999999999999
2014-10-21,14.6,14.7,14.649999999999999
2014-10-22,14.59,14.69,14.64
2014-10-23,14.6,14.7,14.649999999999999
2014-10-24,14.55,14.65,14.600000000000001
2014-10-27,14.58,14.68,14.629999999999999
2014-10-28,14.52,14.62,14.57
2014-10-29,14.43,14.53,14.48
2014-10-30,14.23,14.33,14.280000000000001
2014-10-31,14.18,14.28,14.23
2014-11-03,13.8,13.9,13.850000000000001
2014-11-04,13.5,13.6,13.55
2014-11-05,13.4,13.5,13.45
2014-11-06,13.4,13.5,13.45
2014-11-07,13.0,13.1,13.05
2014-11-10,12.55,12.65,12.600000000000001
2014-11-11,13.05,13.15,13.100000000000001
2014-11-12,13.58,13.68,13.629999999999999
2014-11-13,13.3,13.4,13.350000000000001
2014-11-14,13.28,13.38,13.33
2014-11-17,13.38,13.48,13.43
2014-11-18,13.45,13.55,13.5
2014-11-19,13.45,13.55,13.5
2014-11-20,13.4,13.5,13.45
2014-11-21,13.28,13.38,13.33
2014-11-25,13.25,13.35,13.3
2014-11-26,13.2,13.3,13.25
2014-11-27,13.1,13.2,13.149999999999999
2014-11-28,13.0,13.1,13.05
2014-12-01,13.0,13.1,13.05
2014-12-02,12.9,13.0,12.95
2014-12-03,12.95,13.05,13.0
2014-12-04,12.82,12.92,12.870000000000001
2014-12-05,12.68,12.78,12.73
2014-12-09,12.7,12.8,12.75
2014-12-10,12.68,12.78,12.73
2014-12-11,12.6,12.7,12.649999999999999
2014-12-12,12.75,12.85,12.8
2014-12-15,13.07,13.17,13.120000000000001
2014-12-16,13.05,13.15,13.100000000000001
2014-12-17,13.0,13.1,13.05
2014-12-18,13.05,13.15,13.100000000000001
2014-12-19,13.0,13.1,13.05
2014-12-22,13.08,13.18,13.129999999999999
2014-12-23,13.28,13.38,13.33
2014-12-29,13.45,13.55,13.5
2014-12-30,13.7,13.8,13.75
2015-01-02,13.7,13.8,13.75
2015-01-05,13.65,13.75,13.7
2015-01-06,13.65,13.75,13.7
2015-01-07,13.65,13.75,13.7
2015-01-08,13.67,13.77,13.719999999999999
2015-01-09,13.67,13.77,13.719999999999999
2015-01-12,13.6,13.7,13.649999999999999
2015-01-13,13.5,13.6,13.55
2015-01-14,13.52,13.62,13.57
2015-01-15,13.52,13.62,13.57
2015-01-16,13.49,13.59,13.54
2015-01-19,13.6,13.7,13.649999999999999
2015-01-20,13.55,13.65,13.600000000000001
2015-01-21,13.55,13.65,13.600000000000001
2015-01-22,13.6,13.7,13.649999999999999
2015-01-23,13.57,13.67,13.620000000000001
2015-01-26,13.56,13.66,13.61
2015-01-27,13.55,13.65,13.600000000000001
2015-01-28,13.65,13.75,13.7
2015-01-29,13.5,13.6,13.55
2015-01-30,13.5,13.6,13.55
2015-02-02,13.28,13.38,13.33
2015-02-03,13.21,13.31,13.260000000000002
2015-02-04,13.2,13.3,13.25
2015-02-05,13.15,13.25,13.2
2015-02-06,13.1,13.2,13.149999999999999
2015-02-09,13.08,13.18,13.129999999999999
2015-02-10,13.08,13.18,13.129999999999999
2015-02-11,13.05,13.15,13.100000000000001
2015-02-12,13.02,13.12,13.07
2015-02-13,13.09,13.19,13.14
2015-02-18,12.9,13.0,12.95
2015-02-19,12.75,12.85,12.8
2015-02-20,12.92,13.02,12.969999999999999
2015-02-23,13.01,13.11,13.059999999999999
2015-02-24,13.01,13.11,13.059999999999999
2015-02-25,13.04,13.14,13.09
2015-02-26,13.01,13.11,13.059999999999999
2015-02-27,12.93,13.03,12.98
2015-03-02,12.9,13.0,12.95
2015-03-03,12.83,12.93,12.879999999999999
2015-03-04,12.83,12.93,12.879999999999999
2015-03-05,12.75,12.85,12.8
2015-03-06,12.71,12.81,12.760000000000002
2015-03-09,12.66,12.76,12.71
2015-03-10,12.66,12.76,12.71
2015-03-11,12.72,12.82,12.77
2015-03-12,12.82,12.92,12.870000000000001
2015-03-13,12.86,12.96,12.91
2015-03-16,12.79,12.89,12.84
2015-03-17,12.78,12.88,12.83
2015-03-18,12.86,12.96,12.91
2015-03-19,12.76,12.86,12.809999999999999
2015-03-20,12.72,12.82,12.77
2015-03-25,12.71,12.81,12.760000000000002
2015-03-26,12.69,12.79,12.739999999999998
2015-03-27,12.68,12.78,12.73
2015-03-30,12.52,12.62,12.57
2015-03-31,12.52,12.62,12.57
2015-04-01,12.45,12.55,12.5
2015-04-06,12.39,12.49,12.440000000000001
2015-04-07,12.28,12.38,12.33
2015-04-08,12.35,12.45,12.399999999999999
2015-04-09,12.29,12.39,12.34
2015-04-10,12.3,12.4,12.350000000000001
2015-04-13,12.32,12.42,12.370000000000001
2015-04-14,12.42,12.52,12.469999999999999
2015-04-15,12.7,12.8,12.75
2015-04-16,12.62,12.72,12.67
2015-04-17,12.61,12.71,12.66
2015-04-20,12.58,12.68,12.629999999999999
2015-04-21,12.61,12.71,12.66
2015-04-22,12.69,12.79,12.739999999999998
2015-04-23,12.74,12.84,12.79
2015-04-24,12.7,12.8,12.75
2015-04-27,12.6,12.7,12.649999999999999
2015-04-28,12.63,12.73,12.68
2015-04-29,12.63,12.73,12.68
2015-04-30,12.6,12.7,12.649999999999999
2015-05-04,12.51,12.61,12.559999999999999
2015-05-05,12.48,12.58,12.530000000000001
2015-05-06,12.5,12.6,12.55
2015-05-07,12.49,12.59,12.54
2015-05-08,12.47,12.57,12.52
2015-05-11,12.42,12.52,12.469999999999999
2015-05-12,12.43,12.53,12.48
2015-05-13,12.49,12.59,12.54
2015-05-14,12.52,12.62,12.57
2015-05-15,12.55,12.65,12.600000000000001
2015-05-18,12.56,12.66,12.61
2015-05-19,12.6,12.7,12.649999999999999
2015-05-20,12.54,12.64,12.59
2015-05-21,12.54,12.64,12.59
2015-05-22,12.55,12.65,12.600000000000001
2015-05-26,12.62,12.72,12.67
2015-05-27,12.62,12.72,12.67
2015-05-28,12.6,12.7,12.649999999999999
2015-05-29,12.55,12.65,12.600000000000001
2015-06-01,12.53,12.63,12.58
2015-06-02,12.55,12.65,12.600000000000001
2015-06-03,12.56,12.66,12.61
2015-06-04,12.54,12.64,12.59
2015-06-05,12.55,12.65,12.600000000000001
2015-06-08,12.52,12.62,12.57
2015-06-09,12.52,12.62,12.57
2015-06-10,12.52,12.62,12.57
2015-06-11,12.57,12.67,12.620000000000001
2015-06-12,12.58,12.68,12.629999999999999
2015-06-15,12.6,12.7,12.649999999999999
2015-06-16,12.75,12.85,12.8
2015-06-17,12.84,12.94,12.89
2015-06-18,12.98,13.08,13.030000000000001
2015-06-19,12.92,13.02,12.969999999999999
2015-06-22,12.95,13.05,13.0
2015-06-23,13.25,13.35,13.3
2015-06-24,13.47,13.57,13.52
2015-06-25,13.42,13.52,13.469999999999999
2015-06-26,13.18,13.28,13.23
2015-06-29,13.19,13.29,13.239999999999998
2015-06-30,13.3,13.4,13.350000000000001
2015-07-01,13.45,13.55,13.5
2015-07-02,13.45,13.55,13.5
2015-07-03,13.33,13.48,13.405000000000001
2015-07-06,13.28,13.43,13.355
2015-07-07,13.34,13.59,13.465
2015-07-08,13.35,13.6,13.475
2015-07-10,13.47,13.62,13.545
2015-07-13,13.7,13.85,13.774999999999999
2015-07-14,13.85,14.0,13.925
2015-07-15,13.79,13.94,13.864999999999998
2015-07-16,13.96,14.11,14.035
2015-07-17,14.07,14.22,14.145
2015-07-20,14.4,14.55,14.475000000000001
2015-07-21,14.94,15.09,15.015
2015-07-22,14.74,14.89,14.815000000000001
2015-07-23,14.49,14.64,14.565000000000001
2015-07-24,14.34,14.49,14.415
2015-07-27,14.5,14.65,14.575
2015-07-28,14.8,14.95,14.875
2015-07-29,14.79,14.94,14.864999999999998
2015-07-30,14.76,14.91,14.835
2015-07-31,14.79,14.94,14.864999999999998
2015-08-03,14.74,14.89,14.815000000000001
2015-08-04,14.75,14.9,14.825
2015-08-05,14.8,14.95,14.875
2015-08-06,14.83,14.98,14.905000000000001
2015-08-07,14.77,14.92,14.844999999999999
2015-08-10,14.67,14.82,14.745000000000001
2015-08-11,14.68,14.83,14.754999999999999
2015-08-12,14.72,14.87,14.795
2015-08-13,14.82,14.97,14.895
2015-08-14,14.95,15.1,15.024999999999999
2015-08-18,14.9,15.05,14.975000000000001
2015-08-19,15.0,15.15,15.075
2015-08-20,15.2,15.35,15.274999999999999
2015-08-21,15.4,15.55,15.475000000000001
2015-08-24,15.69,15.84,15.765
2015-08-25,15.82,15.97,15.895
2015-08-26,15.77,15.92,15.844999999999999
2015-08-27,15.52,15.67,15.594999999999999
2015-08-28,15.38,15.53,15.455
2015-08-31,15.32,15.47,15.395
2015-09-01,15.36,15.51,15.434999999999999
2015-09-02,15.47,15.62,15.545
2015-09-03,15.51,15.66,15.585
2015-09-04,15.33,15.48,15.405000000000001
2015-09-07,15.3,15.45,15.375
2015-09-08,15.36,15.51,15.434999999999999
2015-09-09,15.4,15.55,15.475000000000001
2015-09-10,15.39,15.54,15.465
2015-09-11,15.37,15.52,15.445
2015-09-14,15.47,15.62,15.545
2015-09-15,15.53,15.68,15.605
2015-09-16,15.7,15.85,15.774999999999999
2015-09-17,15.76,15.91,15.835
2015-09-18,15.71,15.86,15.785
2015-09-21,15.75,15.9,15.825
2015-09-22,15.79,15.94,15.864999999999998
2015-09-23,15.78,15.93,15.855
2015-09-24,15.86,16.01,15.935
2015-09-25,15.91,16.06,15.985
2015-09-28,15.86,16.01,15.935
2015-09-29,15.85,16.0,15.925
2015-09-30,15.84,15.99,15.915
2015-10-01,15.73,15.88,15.805
2015-10-02,15.74,15.89,15.815000000000001
2015-10-05,15.65,15.8,15.725000000000001
2015-10-06,15.59,15.74,15.665
2015-10-07,15.6,15.75,15.675
2015-10-08,15.62,15.77,15.695
2015-10-09,15.68,15.83,15.754999999999999
2015-10-13,15.68,15.83,15.754999999999999
2015-10-14,15.67,15.82,15.745000000000001
2015-10-15,15.68,15.83,15.754999999999999
2015-10-16,15.79,15.94,15.864999999999998
2015-10-19,15.96,16.11,16.035
2015-10-20,15.88,16.03,15.955000000000002
2015-10-21,15.73,15.88,15.805
2015-10-22,15.88,16.03,15.955000000000002
2015-10-23,15.9,16.05,15.975000000000001
2015-10-26,15.66,15.81,15.735
2015-10-27,15.7,15.85,15.774999999999999
2015-10-28,15.75,15.9,15.825
2015-10-29,15.62,15.77,15.695
2015-10-30,15.6,15.75,15.675
2015-11-02,15.48,15.63,15.555
2015-11-03,15.36,15.51,15.434999999999999
2015-11-04,15.31,15.46,15.385000000000002
2015-11-05,14.99,15.14,15.065000000000001
2015-11-09,14.3,14.45,14.375
2015-11-10,14.55,14.7,14.625
2015-11-11,15.18,15.33,15.254999999999999
2015-11-12,15.12,15.27,15.195
2015-11-13,14.9,15.05,14.975000000000001
2015-11-16,14.95,15.1,15.024999999999999
2015-11-17,15.2,15.35,15.274999999999999
2015-11-18,15.26,15.41,15.335
2015-11-19,15.05,15.2,15.125
2015-11-20,14.92,15.07,14.995000000000001
2015-11-23,15.04,15.19,15.114999999999998
2015-11-24,15.09,15.24,15.165
2015-11-25,14.97,15.12,15.045
2015-11-26,14.81,14.96,14.885000000000002
2015-11-30,14.59,14.74,14.665
2015-12-01,14.34,14.49,14.415
2015-12-02,14.65,14.8,14.725000000000001
2015-12-03,14.58,14.73,14.655000000000001
2015-12-04,14.66,14.81,14.735
2015-12-09,14.58,14.73,14.655000000000001
2015-12-10,14.62,14.77,14.695
2015-12-11,14.71,14.86,14.785
2015-12-14,14.54,14.69,14.614999999999998
2015-12-15,14.39,14.54,14.465
2015-12-16,14.42,14.57,14.495000000000001
2015-12-17,14.21,14.36,14.285
2015-12-18,14.05,14.2,14.125
2015-12-21,13.75,13.9,13.825
2015-12-22,13.77,13.92,13.844999999999999
2015-12-23,13.95,14.1,14.024999999999999
2015-12-24,13.95,14.1,14.024999999999999
2015-12-28,14.17,14.32,14.245000000000001
2015-12-29,14.26,14.41,14.335
2015-12-30,14.17,14.32,14.245000000000001
2015-12-31,14.17,14.32,14.245000000000001
2016-01-04,14.05,14.2,14.125
2016-01-05,14.14,14.29,14.215
2016-01-06,14.03,14.43,14.23
2016-01-07,14.04,14.44,14.239999999999998
2016-01-08,14.05,14.45,14.25
2016-01-11,14.04,14.44,14.239999999999998
2016-01-12,13.98,14.38,14.18
2016-01-13,14.0,14.4,14.2
2016-01-14,14.01,14.41,14.21
2016-01-15,13.98,14.38,14.18
2016-01-18,13.97,14.37,14.17
2016-01-19,13.97,14.37,14.17
2016-01-20,13.95,14.35,14.149999999999999
2016-01-21,13.96,14.36,14.16
2016-01-22,13.95,14.35,14.149999999999999
2016-01-25,13.95,14.35,14.149999999999999
2016-01-26,13.96,14.36,14.16
2016-01-27,13.97,14.37,14.17
2016-01-28,13.89,14.29,14.09
2016-01-29,13.87,14.27,14.07
2016-02-01,14.0,14.4,14.2
2016-02-02,13.9,14.3,14.100000000000001
2016-02-03,13.99,14.39,14.190000000000001
2016-02-04,14.0,14.4,14.2
2016-02-05,14.01,14.41,14.21
2016-02-10,14.03,14.43,14.23
2016-02-11,14.26,14.66,14.46
2016-02-12,14.55,14.95,14.75
2016-02-15,14.6,15.0,14.8
2016-02-16,14.68,15.08,14.879999999999999
2016-02-17,14.92,15.32,15.120000000000001
2016-02-18,14.95,15.35,15.149999999999999
2016-02-19,14.93,15.33,15.129999999999999
2016-02-22,15.02,15.42,15.219999999999999
2016-02-23,15.03,15.43,15.23
2016-02-24,15.18,15.58,15.379999999999999
2016-02-25,15.26,15.66,15.46
2016-02-26,15.25,15.65,15.45
2016-02-29,15.21,15.61,15.41
2016-03-01,15.55,15.95,15.75
2016-03-02,15.4,15.9,15.65
2016-03-03,15.31,15.71,15.510000000000002
2016-03-04,15.32,15.72,15.52
2016-03-07,15.33,15.73,15.530000000000001
2016-03-08,15.34,15.74,15.54
2016-03-09,15.32,15.72,15.52
2016-03-10,15.31,15.71,15.510000000000002
2016-03-11,15.2,15.6,15.399999999999999
2016-03-14,15.21,15.61,15.41
2016-03-15,14.95,15.35,15.149999999999999
2016-03-16,15.02,15.42,15.219999999999999
2016-03-17,15.18,15.58,15.379999999999999
2016-03-18,15.16,15.56,15.36
2016-03-21,14.99,15.39,15.190000000000001
2016-03-22,14.94,15.34,15.14
2016-03-23,14.9,15.3,15.100000000000001
2016-03-28,15.03,15.43,15.23
2016-03-29,14.99,15.39,15.190000000000001
2016-03-30,14.9,15.3,15.100000000000001
2016-03-31,14.86,15.26,15.059999999999999
2016-04-01,14.81,15.21,15.010000000000002
2016-04-04,14.79,15.19,14.989999999999998
2016-04-05,14.7,15.1,14.899999999999999
2016-04-06,14.58,14.98,14.780000000000001
2016-04-07,14.55,14.95,14.75
2016-04-08,14.51,14.91,14.71
2016-04-11,14.56,14.96,14.760000000000002
2016-04-12,14.61,15.01,14.809999999999999
2016-04-13,14.52,14.92,14.719999999999999
2016-04-14,14.58,14.98,14.780000000000001
2016-04-15,14.54,14.94,14.739999999999998
2016-04-18,14.41,14.81,14.61
2016-04-19,14.33,14.73,14.530000000000001
2016-04-20,14.28,14.68,14.48
2016-04-21,14.4,14.8,14.600000000000001
2016-04-22,14.48,14.88,14.68
2016-04-25,14.45,14.85,14.649999999999999
2016-04-26,14.39,14.79,14.59
2016-04-27,14.34,14.74,14.54
2016-04-28,14.31,14.71,14.510000000000002
2016-04-29,14.26,14.66,14.46
2016-05-02,14.26,14.66,14.46
2016-05-03,14.26,14.66,14.46
2016-05-04,14.27,14.67,14.469999999999999
2016-05-05,14.18,14.58,14.379999999999999
2016-05-06,14.14,14.54,14.34
2016-05-09,14.13,14.53,14.33
2016-05-10,14.13,14.53,14.33
2016-05-11,14.2,14.6,14.399999999999999
2016-05-12,14.3,14.7,14.5
2016-05-13,14.23,14.63,14.43
2016-05-16,14.28,14.68,14.48
2016-05-17,14.26,14.66,14.46
2016-05-18,14.32,14.71,14.515
2016-05-19,14.29,14.69,14.489999999999998
2016-05-20,14.27,14.67,14.469999999999999
2016-05-23,14.27,14.67,14.469999999999999
2016-05-24,14.26,14.66,14.46
2016-05-26,14.27,14.67,14.469999999999999
2016-05-27,14.27,14.67,14.469999999999999
2016-05-30,14.24,14.64,14.440000000000001
2016-05-31,14.11,14.51,14.309999999999999
2016-06-01,14.03,14.43,14.23
2016-06-02,13.96,14.36,14.16
2016-06-03,13.88,14.28,14.08
2016-06-06,13.76,14.16,13.96
2016-06-07,13.79,14.19,13.989999999999998
2016-06-08,13.83,14.23,14.030000000000001
2016-06-09,13.91,14.31,14.11
2016-06-10,13.91,14.31,14.11
2016-06-13,14.01,14.41,14.21
2016-06-14,14.01,14.41,14.21
2016-06-15,14.06,14.46,14.260000000000002
2016-06-16,14.02,14.42,14.219999999999999
2016-06-21,14.06,14.46,14.260000000000002
2016-06-22,14.16,14.56,14.36
2016-06-23,14.35,14.75,14.55
2016-06-24,14.62,15.02,14.82
2016-06-27,14.92,15.32,15.120000000000001
2016-06-28,14.62,15.02,14.82
2016-06-29,14.62,15.02,14.82
2016-06-30,14.65,15.05,14.850000000000001
2016-07-01,14.65,15.05,14.850000000000001
2016-07-04,14.69,15.09,14.89
2016-07-05,14.6,15.0,14.8
2016-07-06,14.51,14.91,14.71
2016-07-07,14.4,14.9,14.65
2016-07-11,14.63,15.03,14.83
2016-07-12,14.69,15.09,14.89
2016-07-13,14.66,15.06,14.86
2016-07-14,14.71,15.11,14.91
2016-07-15,14.86,15.26,15.059999999999999
2016-07-18,14.99,15.39,15.190000000000001
2016-07-19,14.83,15.23,15.030000000000001
2016-07-20,14.97,15.37,15.17
2016-07-21,14.93,15.33,15.129999999999999
2016-07-22,15.03,15.43,15.23
2016-07-25,15.17,15.57,15.370000000000001
2016-07-26,15.13,15.53,15.33
2016-07-27,15.15,15.55,15.350000000000001
2016-07-28,15.12,15.52,15.32
2016-07-29,15.07,15.47,15.27
2016-08-01,15.09,15.49,15.29
2016-08-02,14.94,15.34,15.14
2016-08-03,14.92,15.32,15.120000000000001
2016-08-04,14.93,15.33,15.129999999999999
2016-08-05,14.84,15.24,15.04
2016-08-08,14.93,15.33,15.129999999999999
2016-08-09,14.95,15.35,15.149999999999999
2016-08-10,14.9,15.3,15.100000000000001
2016-08-11,14.9,15.3,15.100000000000001
2016-08-12,14.94,15.34,15.14
2016-08-16,14.97,15.37,15.17
2016-08-17,15.03,15.43,15.23
2016-08-18,15.04,15.44,15.239999999999998
2016-08-19,15.02,15.42,15.219999999999999
2016-08-22,15.06,15.46,15.260000000000002
2016-08-23,15.1,15.5,15.3
2016-08-24,15.11,15.51,15.309999999999999
2016-08-25,15.09,15.49,15.29
2016-08-26,15.09,15.49,15.29
2016-08-29,15.11,15.51,15.309999999999999
2016-08-30,15.09,15.49,15.29
2016-08-31,15.01,15.41,15.21
2016-09-01,14.88,15.28,15.08
2016-09-02,14.99,15.39,15.190000000000001
2016-09-05,14.98,15.38,15.18
2016-09-06,14.96,15.36,15.16
2016-09-07,14.9,15.3,15.100000000000001
2016-09-08,14.98,15.38,15.18
2016-09-09,14.98,15.38,15.18
2016-09-12,15.01,15.41,15.21
2016-09-13,14.97,15.37,15.17
2016-09-14,15.01,15.41,15.21
2016-09-15,15.02,15.42,15.219999999999999
2016-09-16,15.1,15.5,15.3
2016-09-19,15.2,15.6,15.399999999999999
2016-09-20,15.36,15.76,15.559999999999999
2016-09-21,15.28,15.68,15.48
2016-09-22,15.3,15.7,15.5
2016-09-23,15.32,15.72,15.52
2016-09-26,15.4,15.8,15.600000000000001
2016-09-27,15.38,15.78,15.58
2016-09-28,15.36,15.76,15.559999999999999
2016-09-29,15.34,15.74,15.54
2016-09-30,15.31,15.71,15.510000000000002
2016-10-03,15.26,15.66,15.46
2016-10-04,15.17,15.57,15.370000000000001
2016-10-05,15.2,15.6,15.399999999999999
2016-10-06,15.17,15.57,15.370000000000001
2016-10-07,15.15,15.55,15.350000000000001
2016-10-11,15.19,15.59,15.39
2016-10-12,15.13,15.53,15.33
2016-10-13,15.15,15.55,15.350000000000001
2016-10-14,15.2,15.6,15.399999999999999
2016-10-17,15.27,15.67,15.469999999999999
2016-10-18,15.24,15.64,15.440000000000001
2016-10-19,15.23,15.63,15.43
2016-10-20,15.18,15.58,15.379999999999999
2016-10-21,15.16,15.56,15.36
2016-10-24,15.22,15.62,15.42
2016-10-25,15.21,15.61,15.41
2016-10-26,15.18,15.58,15.379999999999999
2016-10-27,15.1,15.5,15.3
2016-10-28,15.17,15.57,15.370000000000001
2016-10-31,15.16,15.56,15.36
2016-11-01,15.03,15.43,15.23
2016-11-02,15.0,15.4,15.2
2016-11-03,14.97,15.37,15.17
2016-11-04,15.02,15.42,15.219999999999999
2016-11-07,15.07,15.47,15.27
2016-11-08,15.02,15.42,15.219999999999999
2016-11-09,14.98,15.38,15.18
2016-11-10,14.95,15.35,15.149999999999999
2016-11-11,15.05,15.45,15.25
2016-11-14,15.5,15.9,15.7
2016-11-15,15.45,15.85,15.649999999999999
2016-11-16,15.4,15.8,15.600000000000001
2016-11-17,15.4,15.8,15.600000000000001
2016-11-18,15.45,15.85,15.649999999999999
2016-11-21,15.42,15.82,15.620000000000001
2016-11-22,15.42,15.82,15.620000000000001
2016-11-23,15.55,15.95,15.75
2016-11-24,15.63,16.03,15.830000000000002
2016-11-25,15.69,16.09,15.89
2016-11-29,15.7,16.1,15.9
2016-11-30,15.75,16.15,15.95
2016-12-01,15.85,16.25,16.05
2016-12-02,15.95,16.35,16.15
2016-12-05,15.88,16.28,16.080000000000002
2016-12-06,15.68,16.18,15.93
2016-12-07,15.9,16.3,16.1
2016-12-12,15.94,16.34,16.14
2016-12-13,15.96,16.36,16.16
2016-12-14,16.03,16.43,16.23
2016-12-15,16.26,16.66,16.46
2016-12-16,16.29,16.69,16.490000000000002
2016-12-19,16.34,16.74,16.54
2016-12-20,16.18,16.58,16.38
2016-12-21,16.18,16.58,16.38
2016-12-22,16.24,16.64,16.439999999999998
2016-12-23,16.26,16.66,16.46
2016-12-26,16.45,16.85,16.65
2016-12-27,16.37,16.77,16.57
2016-12-28,16.4,16.8,16.6
2016-12-29,16.55,16.95,16.75
2016-12-30,16.47,16.87,16.67
2017-01-02,16.59,16.99,16.79
2017-01-03,16.71,17.11,16.91
2017-01-04,16.56,16.96,16.759999999999998
2017-01-05,16.47,16.87,16.67
2017-01-06,16.46,16.86,16.66
2017-01-09,16.48,16.88,16.68
2017-01-10,16.45,16.85,16.65
2017-01-11,16.41,16.81,16.61
2017-01-12,16.42,16.82,16.62
2017-01-13,16.39,16.79,16.59
2017-01-16,16.41,16.81,16.61
2017-01-17,16.45,16.85,16.65
2017-01-18,16.48,16.88,16.68
2017-01-19,16.49,16.89,16.689999999999998
2017-01-20,16.46,16.86,16.66
2017-01-23,16.48,16.88,16.68
2017-01-24,16.47,16.87,16.67
2017-01-25,16.45,16.85,16.65
2017-01-26,16.4,16.8,16.6
2017-01-27,16.4,16.8,16.6
2017-01-30,16.3,16.7,16.5
2017-01-31,16.24,16.64,16.439999999999998
2017-02-01,16.21,16.61,16.41
2017-02-02,16.11,16.51,16.310000000000002
2017-02-03,16.08,16.48,16.28
2017-02-06,16.08,16.48,16.28
2017-02-07,16.09,16.49,16.29
2017-02-08,16.08,16.48,16.28
2017-02-09,16.03,16.43,16.23
2017-02-10,16.03,16.43,16.23
2017-02-13,16.05,16.45,16.25
2017-02-14,16.01,16.41,16.21
2017-02-15,15.92,16.32,16.12
2017-02-16,15.98,16.28,16.130000000000003
2017-02-17,16.08,16.48,16.28
2017-02-20,16.09,16.49,16.29
2017-02-21,16.02,16.42,16.22
2017-02-22,15.95,16.35,16.15
2017-02-23,15.86,16.26,16.060000000000002
2017-02-24,15.88,16.28,16.080000000000002
2017-03-01,15.84,16.24,16.04
2017-03-02,15.62,16.02,15.82
2017-03-03,15.67,16.07,15.870000000000001
2017-03-06,15.7,16.1,15.9
2017-03-07,15.69,16.09,15.89
2017-03-08,15.62,16.02,15.82
2017-03-09,15.62,16.02,15.82
2017-03-10,15.64,16.04,15.84
2017-03-13,15.68,16.08,15.879999999999999
2017-03-14,15.67,16.07,15.870000000000001
2017-03-15,15.66,16.06,15.86
2017-03-16,15.64,16.04,15.84
2017-03-17,15.67,16.07,15.870000000000001
2017-03-20,15.8,16.2,16.0
2017-03-21,15.73,16.13,15.93
2017-03-22,15.68,16.08,15.879999999999999
2017-03-23,15.69,16.09,15.89
2017-03-27,15.71,16.11,15.91
2017-03-28,15.67,16.07,15.870000000000001
2017-03-29,15.5,15.9,15.7
2017-03-30,15.49,15.89,15.690000000000001
2017-03-31,15.58,15.98,15.780000000000001
2017-04-03,15.59,15.99,15.79
2017-04-04,15.48,15.88,15.68
2017-04-05,15.47,15.87,15.67
2017-04-06,15.47,15.87,15.67
2017-04-07,15.29,15.69,15.489999999999998
2017-04-10,15.23,15.63,15.43
2017-04-11,15.29,15.69,15.489999999999998
2017-04-12,15.29,15.69,15.489999999999998
2017-04-17,15.51,15.91,15.71
2017-04-18,15.47,15.87,15.67
2017-04-19,15.7,16.1,15.9
2017-04-20,15.69,16.09,15.89
2017-04-21,15.69,16.09,15.89
2017-04-24,15.72,16.12,15.920000000000002
2017-04-25,15.7,16.1,15.9
2017-04-26,15.66,16.06,15.86
2017-04-27,15.55,15.95,15.75
2017-04-28,15.59,15.99,15.79
2017-05-02,15.57,15.97,15.77
2017-05-03,15.49,15.89,15.690000000000001
2017-05-04,15.51,15.91,15.71
2017-05-05,15.51,15.91,15.71
2017-05-08,15.61,16.01,15.81
2017-05-09,15.55,15.95,15.75
2017-05-10,15.44,15.94,15.69
2017-05-11,15.52,15.92,15.719999999999999
2017-05-12,15.53,15.93,15.73
2017-05-15,15.57,15.97,15.77
2017-05-16,15.65,16.05,15.850000000000001
2017-05-17,15.66,16.06,15.86
2017-05-18,15.8,16.2,16.0
2017-05-19,15.71,16.11,15.91
2017-05-22,15.82,16.22,16.02
2017-05-23,15.88,16.28,16.080000000000002
2017-05-24,15.89,16.29,16.09
2017-05-26,15.94,16.34,16.14
2017-05-29,16.0,16.41,16.205
2017-05-30,16.05,16.45,16.25
2017-05-31,15.99,16.39,16.19
2017-06-01,15.9,16.3,16.1
2017-06-02,15.92,16.32,16.12
2017-06-05,15.94,16.34,16.14
2017-06-06,15.98,16.38,16.18
2017-06-07,15.96,16.36,16.16
2017-06-08,15.94,16.34,16.14
2017-06-09,15.95,16.35,16.15
2017-06-12,16.01,16.41,16.21
2017-06-13,16.01,16.41,16.21
2017-06-14,16.11,16.51,16.310000000000002
2017-06-15,16.09,16.49,16.29
2017-06-16,16.13,16.53,16.33
2017-06-19,16.24,16.64,16.439999999999998
2017-06-21,16.3,16.7,16.5
2017-06-22,16.13,16.53,16.33
2017-06-23,16.16,16.56,16.36
2017-06-26,16.27,16.67,16.47
2017-06-27,16.32,16.72,16.52
2017-06-28,16.27,16.67,16.47
2017-06-29,16.31,16.71,16.509999999999998
2017-06-30,16.44,16.84,16.64
2017-07-03,16.51,16.91,16.71
2017-07-04,16.56,16.96,16.759999999999998
2017-07-05,16.81,17.21,17.009999999999998
2017-07-06,16.85,17.25,17.05
2017-07-07,16.8,17.2,17.0
2017-07-10,16.9,17.3,17.1
2017-07-11,16.02,17.42,16.72
2017-07-12,17.1,17.5,17.3
2017-07-13,17.2,17.6,17.4
2017-07-14,17.17,17.57,17.37
2017-07-17,17.32,17.72,17.52
2017-07-18,17.44,17.84,17.64
2017-07-19,17.42,17.82,17.62
2017-07-20,17.44,17.84,17.64
2017-07-21,17.56,17.96,17.759999999999998
2017-07-24,17.65,18.05,17.85
2017-07-25,17.74,18.14,17.939999999999998
2017-07-26,17.87,18.27,18.07
2017-07-27,18.02,18.42,18.22
2017-07-28,18.03,18.43,18.23
2017-07-31,17.65,18.09,17.869999999999997
2017-08-01,17.69,18.09,17.89
2017-08-02,17.86,18.26,18.060000000000002
2017-08-03,17.78,18.18,17.98
2017-08-04,17.75,18.15,17.95
2017-08-07,17.79,18.19,17.990000000000002
2017-08-08,18.0,18.4,18.2
2017-08-09,18.01,18.41,18.21
2017-08-10,18.08,18.48,18.28
2017-08-11,18.08,18.48,18.28
2017-08-14,17.7,18.1,17.9
2017-08-15,17.75,18.15,17.95
2017-08-16,17.9,18.3,18.1
2017-08-17,17.95,18.35,18.15
2017-08-18,17.9,18.3,18.1
2017-08-22,17.92,18.32,18.12
2017-08-23,17.9,18.3,18.1
2017-08-24,17.86,18.26,18.060000000000002
2017-08-25,17.88,18.28,18.08
2017-08-28,17.91,18.31,18.11
2017-08-29,17.89,18.29,18.09
2017-08-30,17.86,18.26,18.060000000000002
2017-08-31,17.83,18.23,18.03
2017-09-01,17.75,18.15,17.95
2017-09-04,17.7,18.1,17.9
2017-09-05,17.59,17.99,17.79
2017-09-06,17.55,17.95,17.75
2017-09-07,17.43,17.83,17.63
2017-09-08,17.48,17.88,17.68
2017-09-11,17.54,17.94,17.740000000000002
2017-09-12,17.48,17.88,17.68
2017-09-13,17.45,17.85,17.65
2017-09-14,17.46,17.86,17.66
2017-09-15,17.44,17.84,17.64
2017-09-18,17.52,17.92,17.72
2017-09-19,17.55,17.95,17.75
2017-09-20,17.57,17.97,17.77
2017-09-21,17.55,17.95,17.75
2017-09-22,17.55,17.95,17.75
2017-09-25,17.57,17.97,17.77
2017-09-26,17.65,18.05,17.85
2017-09-27,17.59,17.99,17.79
2017-09-28,17.57,17.97,17.77
2017-09-29,17.51,17.91,17.71
2017-10-02,17.56,17.96,17.759999999999998
2017-10-03,17.5,17.9,17.7
2017-10-04,17.42,17.82,17.62
2017-10-05,17.4,17.8,17.6
2017-10-06,17.41,17.78,17.595
2017-10-09,17.47,17.87,17.67
2017-10-10,17.46,17.86,17.66
2017-10-11,17.45,17.85,17.65
2017-10-12,17.49,17.89,17.689999999999998
2017-10-13,17.5,17.9,17.7
2017-10-17,17.62,18.02,17.82
2017-10-18,17.65,18.05,17.85
2017-10-19,17.58,17.98,17.78
2017-10-20,17.61,18.01,17.810000000000002
2017-10-23,17.67,18.07,17.87
2017-10-24,17.74,18.14,17.939999999999998
2017-10-25,17.7,18.1,17.9
2017-10-26,17.68,18.08,17.88
2017-10-27,17.72,18.12,17.92
2017-10-30,17.75,18.15,17.95
2017-10-31,17.7,18.1,17.9
2017-11-01,17.63,18.03,17.83
2017-11-02,17.63,18.03,17.83
2017-11-03,17.61,18.01,17.810000000000002
2017-11-07,17.6,18.0,17.8
2017-11-08,17.5,17.9,17.7
2017-11-09,17.55,17.95,17.75
2017-11-10,17.58,17.98,17.78
2017-11-13,17.68,18.08,17.88
2017-11-14,17.67,18.07,17.87
2017-11-15,17.66,18.06,17.86
2017-11-16,17.66,18.06,17.86
2017-11-17,17.69,18.09,17.89
2017-11-21,17.72,18.12,17.92
2017-11-22,17.74,18.14,17.939999999999998
2017-11-23,17.7,18.1,17.9
2017-11-24,17.77,18.07,17.92
2017-11-27,17.71,18.11,17.91
2017-11-28,17.74,18.14,17.939999999999998
2017-11-29,17.72,18.12,17.92
2017-11-30,17.56,17.96,17.759999999999998
2017-12-01,17.61,18.01,17.810000000000002
2017-12-04,17.67,18.07,17.87
2017-12-05,17.56,17.96,17.759999999999998
2017-12-06,17.55,17.95,17.75
2017-12-07,17.48,17.88,17.68
2017-12-11,17.53,17.93,17.73
2017-12-12,17.55,17.95,17.75
2017-12-13,17.43,17.93,17.68
2017-12-14,17.56,17.96,17.759999999999998
2017-12-15,17.69,18.09,17.89
2017-12-18,17.85,18.25,18.05
2017-12-19,17.74,18.14,17.939999999999998
2017-12-20,17.66,18.06,17.86
2017-12-21,17.83,18.23,18.03
2017-12-22,18.07,18.47,18.27
2017-12-26,18.5,18.9,18.7
2017-12-27,18.65,19.05,18.85
2017-12-28,19.15,19.55,19.35
2017-12-29,18.88,19.28,19.08
2018-01-02,18.85,19.25,19.05
2018-01-03,18.89,19.29,19.09
2018-01-04,19.01,19.41,19.21
2018-01-05,19.05,19.45,19.25
2018-01-08,19.18,19.58,19.38
2018-01-09,19.14,19.54,19.34
2018-01-10,18.92,19.32,19.12
2018-01-11,19.01,19.41,19.21
2018-01-12,19.14,19.54,19.34
2018-01-15,19.21,19.61,19.41
2018-01-16,19.2,19.6,19.4
2018-01-17,19.22,19.62,19.42
2018-01-18,19.24,19.64,19.439999999999998
2018-01-19,19.29,19.69,19.490000000000002
2018-01-22,19.4,19.8,19.6
2018-01-23,19.48,19.88,19.68
2018-01-24,19.63,20.03,19.83
2018-01-25,19.56,19.96,19.759999999999998
2018-01-26,19.58,19.98,19.78
2018-01-29,19.63,20.03,19.83
2018-01-30,19.64,20.04,19.84
2018-01-31,19.55,19.95,19.75
2018-02-01,19.53,19.93,19.73
2018-02-02,19.52,19.92,19.72
2018-02-05,19.52,19.92,19.72
2018-02-06,19.49,19.89,19.689999999999998
2018-02-07,19.45,19.85,19.65
2018-02-08,19.53,19.93,19.73
2018-02-09,19.83,20.23,20.03
2018-02-14,19.8,20.2,20.0
2018-02-15,18.72,20.12,19.42
2018-02-16,19.75,20.15,19.95
2018-02-19,19.83,20.23,20.03
2018-02-20,19.76,20.16,19.96
2018-02-21,19.8,20.3,20.05
2018-02-22,19.91,20.31,20.11
2018-02-23,19.95,20.35,20.15
2018-02-26,20.0,20.4,20.2
2018-02-27,20.0,20.4,20.2
2018-02-28,19.95,20.35,20.15
2018-03-01,20.0,20.4,20.2
2018-03-02,20.1,20.5,20.3
2018-03-05,20.15,20.55,20.35
2018-03-06,20.25,20.65,20.45
2018-03-07,20.28,20.68,20.48
2018-03-08,20.25,20.65,20.45
2018-03-09,20.21,20.61,20.41
2018-03-12,20.2,20.6,20.4
2018-03-13,20.27,20.67,20.47
2018-03-14,20.35,20.75,20.55
2018-03-15,20.42,20.82,20.62
2018-03-16,20.49,20.89,20.689999999999998
2018-03-19,20.52,20.92,20.72
2018-03-20,20.57,20.97,20.77
2018-03-21,20.58,20.98,20.78
2018-03-22,20.5,20.9,20.7
2018-03-23,20.54,20.94,20.740000000000002
2018-03-26,20.48,20.88,20.68
2018-03-27,20.36,20.76,20.560000000000002
2018-03-28,20.36,20.76,20.560000000000002
2018-04-03,20.42,20.82,20.62
2018-04-04,20.2,20.6,20.4
2018-04-05,20.25,20.65,20.45
2018-04-06,20.24,20.64,20.439999999999998
2018-04-09,20.21,20.61,20.41
2018-04-10,20.21,20.61,20.41
2018-04-11,20.3,20.7,20.5
2018-04-12,20.3,20.7,20.5
2018-04-13,20.3,20.7,20.5
2018-04-16,20.3,20.7,20.5
2018-04-17,20.3,20.7,20.5
2018-04-18,20.23,20.63,20.43
2018-04-19,20.15,20.55,20.35
2018-04-20,20.18,20.58,20.38
2018-04-23,20.17,20.57,20.37
2018-04-24,20.19,20.59,20.39
2018-04-25,20.16,20.56,20.36
2018-04-26,20.45,20.85,20.65
2018-04-27,20.6,21.0,20.8
2018-05-02,21.1,21.5,21.3
2018-05-03,23.1,23.5,23.3
2018-05-04,21.8,22.2,22.0
2018-05-07,21.9,22.5,22.2
2018-05-08,22.4,23.0,22.7
2018-05-09,22.9,23.5,23.2
2018-05-10,22.95,23.55,23.25
2018-05-11,23.65,24.25,23.95
2018-05-14,25.8,26.8,26.3
2018-05-15,24.0,24.8,24.4
2018-05-16,24.2,25.0,24.6
2018-05-17,24.6,25.2,24.9
2018-05-18,24.6,25.4,25.0
2018-05-21,24.4,25.4,24.9
2018-05-22,24.4,25.4,24.9
2018-05-23,24.49,25.49,24.99
2018-05-24,24.8,25.75,25.275
2018-05-28,25.05,25.85,25.450000000000003
2018-05-29,25.05,25.85,25.450000000000003
2018-05-30,25.1,25.9,25.5
2018-05-31,25.17,25.97,25.57
2018-06-01,25.2,26.0,25.6
2018-06-04,25.2,26.0,25.6
2018-06-05,25.1,25.9,25.5
2018-06-06,24.75,25.55,25.15
2018-06-07,24.85,25.65,25.25
2018-06-08,25.2,26.2,25.7
2018-06-11,25.5,26.3,25.9
2018-06-12,25.7,26.7,26.2
2018-06-13,26.0,27.0,26.5
2018-06-14,27.2,28.7,27.95
2018-06-15,27.7,28.7,28.2
2018-06-18,27.5,28.5,28.0
2018-06-19,27.5,28.5,28.0
2018-06-21,27.5,28.5,28.0
2018-06-22,27.1,28.1,27.6
2018-06-25,27.3,28.3,27.8
2018-06-26,27.3,28.3,27.8
2018-06-27,27.3,28.3,27.8
2018-06-28,27.5,28.5,28.0
2018-06-29,28.4,29.4,28.9
2018-07-02,28.3,29.3,28.8
2018-07-03,28.0,29.0,28.5
2018-07-04,27.97,28.95,28.46
2018-07-05,27.9,28.9,28.4
2018-07-06,27.9,28.9,28.4
2018-07-10,27.5,28.5,28.0
2018-07-11,27.5,28.5,28.0
2018-07-12,27.4,28.4,27.9
2018-07-13,27.68,28.68,28.18
2018-07-16,27.85,28.85,28.35
2018-07-17,27.8,28.8,28.3
2018-07-18,27.65,28.65,28.15
2018-07-19,27.65,28.65,28.15
2018-07-20,27.9,28.9,28.4
2018-07-23,27.8,28.8,28.3
2018-07-24,27.7,28.7,28.2
2018-07-25,27.7,28.7,28.2
2018-07-26,27.7,28.7,28.2
2018-07-27,27.7,28.7,28.2
2018-07-30,27.65,28.65,28.15
2018-07-31,27.45,28.45,27.95
2018-08-01,27.45,28.45,27.95
2018-08-02,27.4,28.4,27.9
2018-08-03,27.35,28.35,27.85
2018-08-06,27.3,28.3,27.8
2018-08-07,27.3,28.3,27.8
2018-08-08,27.3,28.3,27.8
2018-08-09,27.5,28.5,28.0
2018-08-10,28.5,29.5,29.0
2018-08-13,29.5,30.5,30.0
2018-08-14,29.5,30.5,30.0
2018-08-15,29.5,30.5,30.0
2018-08-16,29.1,30.1,29.6
2018-08-17,29.2,30.2,29.7
2018-08-21,29.5,30.5,30.0
2018-08-22,29.8,30.8,30.3
2018-08-23,29.95,30.95,30.45
2018-08-24,30.35,31.35,30.85
2018-08-27,31.2,32.2,31.700000000000003
2018-08-28,32.0,33.0,32.5
2018-08-29,34.0,35.0,34.5
2018-08-30,38.5,40.0,39.25
2018-08-31,36.0,38.0,37.0
2018-09-03,36.7,38.7,37.7
2018-09-04,38.0,40.0,39.0
2018-09-05,37.2,39.2,38.2
2018-09-06,36.6,38.6,37.6
2018-09-07,36.5,37.5,37.0
2018-09-10,35.7,37.7,36.7
2018-09-11,36.5,38.25,37.375
2018-09-12,37.0,38.5,37.75
2018-09-13,38.0,39.5,38.75
2018-09-14,38.0,40.0,39.0
2018-09-17,38.35,40.35,39.35
2018-09-18,38.0,39.75,38.875
2018-09-19,38.0,39.5,38.75
2018-09-20,37.5,39.0,38.25
2018-09-21,36.75,38.25,37.5
2018-09-24,36.75,38.25,37.5
2018-09-25,38.5,40.0,39.25
2018-09-26,37.75,39.25,38.5
2018-09-27,39.0,40.5,39.75
2018-09-28,39.3,41.3,40.3
2018-10-01,38.0,40.0,39.0
2018-10-02,36.5,38.5,37.5
2018-10-03,37.0,39.0,38.0
2018-10-04,36.8,38.8,37.8
2018-10-05,36.5,38.5,37.5
2018-10-08,36.0,38.0,37.0
2018-10-09,36.0,38.0,37.0
2018-10-10,36.0,38.0,37.0
2018-10-11,36.0,38.0,37.0
2018-10-12,35.8,37.8,36.8
2018-10-16,35.7,37.8,36.75
2018-10-17,35.7,37.7,36.7
2018-10-18,35.75,37.75,36.75
2018-10-19,35.75,37.75,36.75
2018-10-22,35.25,37.25,36.25
2018-10-23,35.3,37.3,36.3
2018-10-24,35.2,37.2,36.2
2018-10-25,35.2,37.2,36.2
2018-10-26,35.25,37.25,36.25
2018-10-29,35.0,37.0,36.0
2018-10-30,35.0,37.0,36.0
2018-10-31,34.5,36.5,35.5
2018-11-01,34.25,36.25,35.25
2018-11-02,34.25,36.25,35.25
2018-11-05,33.6,35.6,34.6
2018-11-07,33.5,35.5,34.5
2018-11-08,33.5,35.5,34.5
2018-11-09,33.5,35.5,34.5
2018-11-12,33.25,35.25,34.25
2018-11-13,34.0,36.0,35.0
2018-11-14,34.0,36.0,35.0
2018-11-15,34.09,36.09,35.09
2018-11-16,34.06,36.06,35.06
2018-11-20,34.26,36.26,35.26
2018-11-21,34.3,36.3,35.3
2018-11-22,34.5,36.5,35.5
2018-11-23,35.5,37.5,36.5
2018-11-26,37.0,39.0,38.0
2018-11-27,36.5,38.5,37.5
2018-11-28,36.0,38.0,37.0
2018-11-29,36.0,38.0,37.0
2018-12-03,35.0,37.0,36.0
2018-12-04,35.0,37.0,36.0
2018-12-05,35.0,37.0,36.0
2018-12-06,35.5,37.5,36.5
2018-12-07,35.5,37.5,36.5
2018-12-10,35.5,37.5,36.5
2018-12-11,35.5,37.5,36.5
2018-12-12,35.5,37.5,36.5
2018-12-13,35.65,37.65,36.65
2018-12-14,35.65,37.65,36.65
2018-12-17,36.5,38.5,37.5
2018-12-18,36.5,38.5,37.5
2018-12-19,37.0,39.0,38.0
2018-12-20,37.0,39.0,38.0
2018-12-21,37.0,39.0,38.0
2018-12-26,37.75,39.75,38.75
2018-12-27,38.0,40.0,39.0
2018-12-28,38.5,40.5,39.5
2019-01-02,38.5,40.5,39.5
2019-01-03,38.25,40.25,39.25
2019-01-04,38.0,40.0,39.0
2019-01-07,37.5,39.5,38.5
2019-01-08,37.25,39.25,38.25
2019-01-09,37.75,39.75,38.75
2019-01-10,37.25,39.25,38.25
2019-01-11,37.25,39.25,38.25
2019-01-14,37.25,39.0,38.125
2019-01-15,37.25,39.25,38.25
2019-01-16,37.25,39.25,38.25
2019-01-17,37.0,39.0,38.0
2019-01-18,37.0,39.0,38.0
2019-01-21,36.75,38.75,37.75
2019-01-22,36.75,38.75,37.75
2019-01-23,37.0,39.0,38.0
2019-01-24,36.5,38.5,37.5
2019-01-25,36.25,38.25,37.25
2019-01-28,36.25,38.25,37.25
2019-01-29,36.5,38.5,37.5
2019-01-30,36.25,38.25,37.25
2019-01-31,35.5,37.5,36.5
2019-02-01,35.75,37.75,36.75
2019-02-04,35.5,37.5,36.5
2019-02-05,35.3,37.3,36.3
2019-02-06,35.25,37.25,36.25
2019-02-07,36.75,37.75,37.25
2019-02-08,36.5,37.5,37.0
2019-02-11,37.0,38.0,37.5
2019-02-12,37.0,38.0,37.5
2019-02-13,37.25,38.25,37.75
2019-02-14,37.5,38.5,38.0
2019-02-15,37.75,38.75,38.25
2019-02-18,37.75,38.75,38.25
2019-02-19,38.0,39.0,38.5
2019-02-20,38.75,39.75,39.25
2019-02-21,38.25,39.25,38.75
2019-02-22,38.75,38.75,38.75
2019-02-25,36.75,38.75,37.75
2019-02-26,37.25,39.25,38.25
2019-02-27,38.0,39.0,38.5
2019-02-28,38.0,39.0,38.5
2019-03-01,37.0,39.0,38.0
2019-03-06,38.5,40.5,39.5
2019-03-07,41.5,42.5,42.0
2019-03-08,40.0,41.0,40.5
2019-03-11,40.0,41.0,40.5
2019-03-12,40.25,41.25,40.75
2019-03-13,40.5,41.5,41.0
2019-03-14,40.0,41.0,40.5
2019-03-15,39.0,41.0,40.0
2019-03-18,40.0,41.0,40.5
2019-03-19,40.25,41.25,40.75
2019-03-20,40.25,41.25,40.75
2019-03-21,39.25,41.25,40.25
2019-03-22,39.75,41.75,40.75
2019-03-25,40.9,41.9,41.4
2019-03-26,41.55,42.55,42.05
2019-03-27,43.0,44.0,43.5
2019-03-28,41.8,43.8,42.8
2019-03-29,42.65,43.65,43.15
2019-04-01,42.5,43.5,43.0
2019-04-03,42.5,43.5,43.0
2019-04-04,42.65,43.65,43.15
2019-04-05,43.0,44.0,43.5
2019-04-08,43.0,44.0,43.5
2019-04-09,43.0,44.0,43.5
2019-04-10,43.0,44.0,43.5
2019-04-11,43.0,44.0,43.5
2019-04-12,42.65,43.65,43.15
2019-04-15,42.5,43.5,43.0
2019-04-16,42.8,43.8,43.3
2019-04-17,41.4,43.45,42.425
2019-04-22,43.35,44.35,43.85
2019-04-23,43.15,44.15,43.65
2019-04-24,43.5,44.5,44.0
2019-04-25,45.0,46.0,45.5
2019-04-26,45.1,46.1,45.6
2019-04-29,44.07,45.07,44.57
2019-04-30,45.0,46.0,45.5
2019-05-02,45.25,46.25,45.75
2019-05-03,44.55,45.75,45.15
2019-05-06,45.5,46.5,46.0
2019-05-07,45.0,46.0,45.5
2019-05-08,45.0,46.0,45.5
2019-05-09,45.0,46.0,45.5
2019-05-10,44.5,46.0,45.25
2019-05-13,44.5,46.0,45.25
2019-05-14,44.5,46.0,45.25
2019-05-15,44.5,46.0,45.25
2019-05-16,44.5,46.0,45.25
2019-05-17,44.6,46.1,45.35
2019-05-20,44.85,46.35,45.6
2019-05-21,44.75,46.25,45.5
2019-05-22,44.6,46.1,45.35
2019-05-23,44.7,46.2,45.45
2019-05-24,44.65,46.15,45.4
2019-05-27,44.65,46.15,45.4
2019-05-28,44.7,46.2,45.45
2019-05-29,44.7,46.2,45.45
2019-05-30,44.4,45.9,45.15
2019-05-31,44.5,46.0,45.25
2019-06-03,44.6,46.1,45.35
2019-06-04,44.5,46.0,45.25
2019-06-05,44.1,45.6,44.85
2019-06-06,44.15,45.65,44.9
2019-06-07,44.2,45.7,44.95
2019-06-10,44.0,45.5,44.75
2019-06-11,44.0,45.5,44.75
2019-06-12,43.8,45.3,44.55
2019-06-13,43.8,45.3,44.55
2019-06-14,43.7,45.2,44.45
2019-06-18,43.65,45.15,44.4
2019-06-19,43.4,44.9,44.15
2019-06-21,43.0,44.5,43.75
2019-06-24,42.94,44.44,43.69
2019-06-25,42.6,44.1,43.35
2019-06-26,42.7,44.2,43.45
2019-06-27,42.7,44.2,43.45
2019-06-28,42.3,43.8,43.05
2019-07-01,41.95,43.45,42.7
2019-07-02,42.0,43.5,42.75
2019-07-03,41.55,43.05,42.3
2019-07-04,41.4,42.9,42.15
2019-07-05,41.4,42.9,42.15
2019-07-10,41.3,42.8,42.05
2019-07-11,41.7,43.2,42.45
2019-07-12,41.75,43.25,42.5
2019-07-15,42.25,43.75,43.0
2019-07-16,42.95,44.45,43.7
2019-07-17,42.7,44.2,43.45
2019-07-18,42.45,43.95,43.2
2019-07-19,42.45,43.95,43.2
2019-07-22,42.55,44.05,43.3
2019-07-23,42.75,44.25,43.5
2019-07-24,43.1,44.6,43.85
2019-07-25,43.45,44.95,44.2
2019-07-26,43.45,44.95,44.2
2019-07-29,43.65,45.15,44.4
2019-07-30,43.65,45.15,44.4
2019-07-31,43.7,45.2,44.45
2019-08-01,43.93,45.43,44.68
2019-08-02,44.4,45.9,45.15
2019-08-05,45.1,46.6,45.85
2019-08-06,44.9,46.4,45.65
2019-08-07,45.0,46.5,45.75
2019-08-08,45.22,46.72,45.97
2019-08-09,45.4,46.9,46.15
2019-08-12,53.0,57.0,55.0
2019-08-13,53.0,57.0,55.0
2019-08-14,58.5,62.0,60.25
2019-08-15,55.0,59.0,57.0
2019-08-16,55.0,59.0,57.0
2019-08-20,53.0,58.0,55.5
2019-08-21,54.5,58.5,56.5
2019-08-22,54.0,58.0,56.0
2019-08-23,54.0,58.0,56.0
2019-08-26,54.5,57.5,56.0
2019-08-27,56.0,59.0,57.5
2019-08-28,59.5,60.5,60.0
2019-08-29,57.75,60.75,59.25
2019-08-30,60.0,63.0,61.5
2019-09-02,59.5,63.5,61.5
2019-09-03,57.0,61.0,59.0
2019-09-04,54.0,59.0,56.5
2019-09-05,54.0,59.0,56.5
2019-09-06,55.0,59.0,57.0
2019-09-09,55.0,59.0,57.0
2019-09-10,54.5,58.75,56.625
2019-09-11,55.0,59.0,57.0
2019-09-12,55.0,60.0,57.5
2019-09-13,57.5,61.5,59.5
2019-09-16,58.5,61.5,60.0
2019-09-17,59.0,62.0,60.5
2019-09-18,59.75,62.75,61.25
2019-09-19,60.0,63.0,61.5
2019-09-20,58.75,62.75,60.75
2019-09-23,59.25,62.25,60.75
2019-09-24,58.75,61.75,60.25
2019-09-25,58.75,61.75,60.25
2019-09-26,59.0,62.0,60.5
2019-09-27,58.5,61.5,60.0
2019-09-30,58.25,61.25,59.75
2019-10-01,57.75,60.75,59.25
2019-10-02,58.5,61.5,60.0
2019-10-03,58.0,61.0,59.5
2019-10-04,58.25,61.25,59.75
2019-10-07,58.25,61.25,59.75
2019-10-08,57.5,61.5,59.5
2019-10-09,59.75,61.75,60.75
2019-10-10,61.0,63.0,62.0
2019-10-11,61.5,63.5,62.5
2019-10-15,61.5,63.5,62.5
2019-10-16,62.5,64.5,63.5
2019-10-17,64.5,67.5,66.0
2019-10-18,62.25,65.25,63.75
2019-10-21,63.25,66.25,64.75
2019-10-22,64.25,67.25,65.75
2019-10-23,66.75,69.75,68.25
2019-10-24,66.75,69.75,68.25
2019-10-25,72.75,75.75,74.25
2019-10-28,71.0,74.0,72.5
2019-10-29,64.0,67.0,65.5
2019-10-30,64.0,67.0,65.5
2019-10-31,66.0,69.0,67.5
2019-11-01,64.5,67.5,66.0
2019-11-04,62.5,65.5,64.0
2019-11-05,61.5,64.5,63.0
2019-11-06,62.0,65.0,63.5
2019-11-07,61.0,64.0,62.5
2019-11-08,62.25,65.25,63.75
2019-11-11,61.5,64.5,63.0
2019-11-12,62.5,65.5,64.0
2019-11-13,63.75,66.75,65.25
2019-11-14,63.75,66.75,65.25
2019-11-15,63.75,66.75,65.25
2019-11-19,63.5,66.5,65.0
2019-11-20,63.75,66.75,65.25
2019-11-21,63.75,66.75,65.25
2019-11-22,65.5,68.5,67.0
2019-11-25,65.0,68.0,66.5
2019-11-26,65.25,68.25,66.75
2019-11-27,66.25,69.25,67.75
2019-11-28,66.75,69.75,68.25
2019-11-29,66.25,69.25,67.75
2019-12-02,64.25,68.25,66.25
2019-12-03,64.5,68.5,66.5
2019-12-04,65.0,69.0,67.0
2019-12-05,66.0,70.0,68.0
2019-12-06,68.0,71.0,69.5
2019-12-09,66.0,70.0,68.0
2019-12-10,65.5,69.5,67.5
2019-12-11,64.5,68.5,66.5
2019-12-12,62.5,66.5,64.5
2019-12-13,61.75,66.75,64.25
2019-12-16,68.5,72.5,70.5
2019-12-17,69.0,74.0,71.5
2019-12-18,72.0,76.0,74.0
2019-12-19,72.75,75.75,74.25
2019-12-20,70.0,75.0,72.5
2019-12-23,71.75,76.75,74.25
2019-12-26,75.0,80.0,77.5
2019-12-27,73.5,78.5,76.0
2019-12-30,73.5,78.5,76.0
2020-01-02,72.0,77.0,74.5
2020-01-03,72.0,77.0,74.5
2020-01-06,72.25,77.25,74.75
2020-01-07,71.25,76.25,73.75
2020-01-08,71.5,76.5,74.0
2020-01-09,71.5,76.5,74.0
2020-01-10,71.5,76.5,74.0
2020-01-13,71.5,76.5,74.0
2020-01-14,73.5,77.5,75.5
2020-01-15,74.0,78.0,76.0
2020-01-16,73.75,77.75,75.75
2020-01-17,73.75,77.75,75.75
2020-01-20,74.0,78.0,76.0
2020-01-21,73.5,77.5,75.5
2020-01-22,73.75,77.75,75.75
2020-01-23,73.75,77.75,75.75
2020-01-24,74.5,78.5,76.5
2020-01-27,74.0,78.0,76.0
2020-01-28,74.25,78.25,76.25
2020-01-29,74.25,78.25,76.25
2020-01-30,74.0,78.0,76.0
2020-01-31,74.0,78.0,76.0
2020-02-03,74.0,78.0,76.0
2020-02-04,74.0,78.0,76.0
2020-02-05,74.0,78.0,76.0
2020-02-06,73.5,77.5,75.5
2020-02-07,73.5,77.5,75.5
2020-02-10,73.0,77.0,75.0
2020-02-11,73.5,77.5,75.5
2020-02-12,74.25,78.25,76.25
2020-02-13,74.9,78.9,76.9
2020-02-14,73.9,77.9,75.9
2020-02-17,74.0,78.0,76.0
2020-02-18,74.7,78.7,76.7
2020-02-19,74.9,78.9,76.9
2020-02-20,74.8,78.8,76.8
2020-02-21,74.8,78.8,76.8
2020-02-26,74.7,78.7,76.7
2020-02-27,74.5,78.5,76.5
2020-02-28,74.5,78.5,76.5
2020-03-02,74.5,78.5,76.5
2020-03-03,74.5,78.5,76.5
2020-03-04,74.5,78.5,76.5
2020-03-05,74.5,78.5,76.5
2020-03-06,74.5,78.5,76.5
2020-03-09,75.5,79.5,77.5
2020-03-10,75.75,79.75,77.75
2020-03-11,76.0,80.0,78.0
2020-03-12,79.0,83.0,81.0
2020-03-13,79.75,83.75,81.75
2020-03-16,81.0,85.0,83.0
2020-03-17,82.5,86.5,84.5
2020-03-18,84.25,89.25,86.75
2020-03-19,81.5,85.5,83.5
2020-03-20,80.5,85.5,83.0
2020-03-25,79.5,84.5,82.0
2020-03-26,79.5,84.5,82.0
2020-03-27,78.5,83.5,81.0
2020-03-30,78.5,83.5,81.0
2020-04-01,79.5,83.5,81.5
2020-04-02,78.5,83.5,81.0
2020-04-03,78.5,83.5,81.0
2020-04-06,80.0,85.0,82.5
2020-04-07,80.0,85.0,82.5
2020-04-08,80.0,85.0,82.5
2020-04-13,84.25,89.25,86.75
2020-04-14,85.0,90.0,87.5
2020-04-15,90.0,96.0,93.0
2020-04-16,95.0,100.0,97.5
2020-04-17,96.0,105.0,100.5
2020-04-20,96.0,105.0,100.5
2020-04-21,98.0,107.0,102.5
2020-04-22,100.0,110.0,105.0
2020-04-23,110.0,120.0,115.0
2020-04-24,107.0,117.0,112.0
2020-04-27,108.0,118.0,113.0
2020-04-28,110.0,120.0,115.0
2020-04-29,111.0,121.0,116.0
2020-04-30,108.0,118.0,113.0
2020-05-04,110.0,120.0,115.0
2020-05-05,110.0,120.0,115.0
2020-05-06,112.0,122.0,117.0
2020-05-07,112.0,122.0,117.0
2020-05-08,112.0,122.0,117.0
2020-05-11,114.5,124.5,119.5
2020-05-12,117.0,127.0,122.0
2020-05-13,123.0,133.0,128.0
2020-05-14,128.0,138.0,133.0
2020-05-15,128.0,138.0,133.0
2020-05-18,118.0,128.0,123.0
2020-05-19,114.0,124.0,119.0
2020-05-20,114.0,124.0,119.0
2020-05-21,115.0,125.0,120.0
2020-05-22,116.0,126.0,121.0
2020-05-26,119.0,129.0,124.0
2020-05-27,117.0,127.0,122.0
2020-05-28,114.0,124.0,119.0
2020-05-29,115.0,125.0,120.0
2020-06-01,118.0,128.0,123.0
2020-06-02,114.0,124.0,119.0
2020-06-03,113.0,123.0,118.0
2020-06-04,113.0,123.0,118.0
2020-06-05,115.0,125.0,120.0
2020-06-08,115.0,125.0,120.0
2020-06-09,114.0,124.0,119.0
2020-06-10,114.0,124.0,119.0
2020-06-11,113.0,123.0,118.0
2020-06-12,116.0,126.0,121.0
2020-06-16,115.0,125.0,120.0
2020-06-17,114.0,124.0,119.0
2020-06-18,117.0,127.0,122.0
2020-06-19,118.0,128.0,123.0
2020-06-22,117.0,127.0,122.0
2020-06-23,117.0,127.0,122.0
2020-06-24,118.0,128.0,123.0
2020-06-25,118.0,128.0,123.0
2020-06-26,119.0,129.0,124.0
2020-06-29,119.0,129.0,124.0
2020-06-30,116.0,126.0,121.0
2020-07-01,118.0,128.0,123.0
2020-07-02,119.0,129.0,124.0
2020-07-03,117.0,127.0,122.0
2020-07-06,117.0,127.0,122.0
2020-07-07,117.0,127.0,122.0
2020-07-08,117.0,127.0,122.0
2020-07-10,117.0,127.0,122.0
2020-07-13,117.0,127.0,122.0
2020-07-14,117.0,127.0,122.0
2020-07-15,117.0,127.0,122.0
2020-07-16,120.0,130.0,125.0
2020-07-17,125.0,130.0,127.5
2020-07-20,125.0,130.0,127.5
2020-07-21,127.0,132.0,129.5
2020-07-22,128.0,133.0,130.5
2020-07-23,131.0,136.0,133.5
2020-07-24,134.0,139.0,136.5
2020-07-27,131.0,136.0,133.5
2020-07-28,130.0,135.0,132.5
2020-07-29,130.0,135.0,132.5
2020-07-30,131.0,136.0,133.5
2020-07-31,131.0,136.0,133.5
2020-08-03,131.0,136.0,133.5
2020-08-04,123.0,128.0,125.5
2020-08-05,124.0,129.0,126.5
2020-08-06,127.0,132.0,129.5
2020-08-07,128.0,133.0,130.5
2020-08-10,126.0,131.0,128.5
2020-08-11,126.0,131.0,128.5
2020-08-12,127.0,132.0,129.5
2020-08-13,128.0,133.0,130.5
2020-08-14,127.0,132.0,129.5
2020-08-17,127.0,132.0,129.5
2020-08-18,127.0,132.0,129.5
2020-08-19,129.0,134.0,131.5
2020-08-20,131.0,136.0,133.5
2020-08-21,134.0,138.0,136.0
2020-08-24,133.0,137.0,135.0
2020-08-25,133.0,137.0,135.0
2020-08-26,133.0,137.0,135.0
2020-08-27,134.0,138.0,136.0
2020-08-28,132.0,136.0,134.0
2020-08-31,131.0,135.0,133.0
2020-09-01,129.0,133.0,131.0
2020-09-02,129.0,133.0,131.0
2020-09-03,130.0,134.0,132.0
2020-09-04,128.0,132.0,130.0
2020-09-07,127.0,131.0,129.0
2020-09-08,127.0,131.0,129.0
2020-09-09,127.0,131.0,129.0
2020-09-10,127.0,131.0,129.0
2020-09-11,127.0,131.0,129.0
2020-09-14,128.0,132.0,130.0
2020-09-15,127.0,131.0,129.0
2020-09-16,135.0,145.0,140.0
2020-09-17,135.0,141.0,138.0
2020-09-18,134.0,140.0,137.0
2020-09-21,135.0,141.0,138.0
2020-09-22,138.0,144.0,141.0
2020-09-23,139.0,145.0,142.0
2020-09-24,141.0,147.0,144.0
2020-09-25,139.0,145.0,142.0
2020-09-28,139.0,145.0,142.0
2020-09-29,140.0,146.0,143.0
2020-09-30,140.0,146.0,143.0
2020-10-01,141.0,147.0,144.0
2020-10-02,144.0,150.0,147.0
2020-10-05,144.0,150.0,147.0
2020-10-06,146.0,152.0,149.0
2020-10-07,149.0,155.0,152.0
2020-10-08,152.0,158.0,155.0
2020-10-09,161.0,167.0,164.0
2020-10-13,160.0,166.0,163.0
2020-10-14,161.0,167.0,164.0
2020-10-15,165.0,171.0,168.0
2020-10-16,172.0,178.0,175.0
2020-10-19,175.0,181.0,178.0
2020-10-20,174.0,180.0,177.0
2020-10-21,177.0,183.0,180.0
2020-10-22,184.0,190.0,187.0
2020-10-23,189.0,195.0,192.0
2020-10-26,184.0,190.0,187.0
2020-10-27,175.0,181.0,178.0
2020-10-28,172.0,178.0,175.0
2020-10-29,169.0,175.0,172.0
2020-10-30,163.0,169.0,166.0
2020-11-02,162.0,168.0,165.0
2020-11-03,159.0,165.0,162.0
2020-11-04,155.0,161.0,158.0
2020-11-05,151.0,157.0,154.0
2020-11-06,151.0,157.0,154.0
2020-11-09,145.0,151.0,148.0
2020-11-10,143.0,149.0,146.0
2020-11-11,156.0,162.0,159.0
2020-11-12,161.0,167.0,164.0
2020-11-13,166.0,172.0,169.0
2020-11-16,156.0,162.0,159.0
2020-11-17,157.0,163.0,160.0
2020-11-18,158.0,164.0,161.0
2020-11-19,157.0,163.0,160.0
2020-11-20,155.0,161.0,158.0
2020-11-24,154.0,160.0,157.0
2020-11-25,152.0,158.0,155.0
2020-11-26,151.0,157.0,154.0
2020-11-27,150.0,156.0,153.0
2020-11-30,149.0,155.0,152.0
2020-12-01,147.0,153.0,150.0
2020-12-02,147.0,153.0,150.0
2020-12-03,145.0,151.0,148.0
2020-12-04,144.0,150.0,147.0
2020-12-09,143.0,149.0,146.0
2020-12-10,140.0,146.0,143.0
2020-12-11,142.0,148.0,145.0
2020-12-14,145.0,151.0,148.0
2020-12-15,145.0,151.0,148.0
2020-12-16,144.0,150.0,147.0
2020-12-17,143.0,149.0,146.0
2020-12-18,144.0,150.0,147.0
2020-12-21,144.0,150.0,147.0
2020-12-22,146.0,152.0,149.0
2020-12-23,153.0,159.0,156.0
2020-12-28,158.0,164.0,161.0
2020-12-29,159.0,165.0,162.0
2020-12-30,160.0,166.0,163.0
2021-01-04,159.0,165.0,162.0
2021-01-05,154.0,160.0,157.0
2021-01-06,154.0,160.0,157.0
2021-01-07,156.0,162.0,159.0
2021-01-08,155.0,161.0,158.0
2021-01-11,153.0,159.0,156.0
2021-01-12,153.0,159.0,156.0
2021-01-13,154.0,160.0,157.0
2021-01-14,153.0,159.0,156.0
2021-01-15,153.0,159.0,156.0
2021-01-19,152.0,157.0,154.5
2021-01-20,151.0,156.0,153.5
2021-01-21,151.0,156.0,153.5
2021-01-22,151.0,156.0,153.5
2021-01-25,151.0,156.0,153.5
2021-01-26,151.0,156.0,153.5
2021-01-27,149.0,154.0,151.5
2021-01-28,149.0,154.0,151.5
2021-01-29,148.0,153.0,150.5
2021-02-01,148.0,153.0,150.5
2021-02-02,148.0,153.0,150.5
2021-02-03,148.0,153.0,150.5
2021-02-04,145.0,150.0,147.5
2021-02-05,146.0,151.0,148.5
2021-02-08,146.0,151.0,148.5
2021-02-09,147.0,152.0,149.5
2021-02-10,146.0,151.0,148.5
2021-02-11,144.0,149.0,146.5
2021-02-12,145.0,150.0,147.5
2021-02-17,144.0,149.0,146.5
2021-02-18,148.0,148.0,148.0
2021-02-19,142.0,147.0,144.5
2021-02-22,142.0,147.0,144.5
2021-02-23,141.0,146.0,143.5
2021-02-24,140.0,145.0,142.5
2021-02-25,138.0,143.0,140.5
2021-02-26,141.0,146.0,143.5
2021-03-01,142.0,147.0,144.5
2021-03-02,140.0,145.0,142.5
2021-03-03,140.0,145.0,142.5
2021-03-04,139.0,144.0,141.5
2021-03-05,139.0,144.0,141.5
2021-03-08,139.0,144.0,141.5
2021-03-09,139.0,144.0,141.5
2021-03-10,138.0,143.0,140.5
2021-03-11,135.0,140.0,137.5
2021-03-12,137.0,142.0,139.5
2021-03-15,141.0,146.0,143.5
2021-03-16,139.0,144.0,141.5
2021-03-17,139.0,144.0,141.5
2021-03-18,139.0,144.0,141.5
2021-03-19,139.0,144.0,141.5
2021-03-22,138.0,143.0,140.5
2021-03-23,138.0,143.0,140.5
2021-03-25,138.0,143.0,140.5
2021-03-26,137.0,142.0,139.5
2021-03-29,137.0,142.0,139.5
2021-03-30,136.0,141.0,138.5
2021-03-31,136.0,141.0,138.5
2021-04-05,135.0,140.0,137.5
2021-04-06,135.0,140.0,137.5
2021-04-07,134.0,139.0,136.5
2021-04-08,135.0,140.0,137.5
2021-04-09,135.0,140.0,137.5
2021-04-12,137.0,142.0,139.5
2021-04-13,137.0,142.0,139.5
2021-04-14,138.0,143.0,140.5
2021-04-15,138.0,143.0,140.5
2021-04-16,137.0,142.0,139.5
2021-04-19,138.0,143.0,140.5
2021-04-20,138.0,143.0,140.5
2021-04-21,139.0,144.0,141.5
2021-04-22,142.0,147.0,144.5
2021-04-23,147.0,152.0,149.5
2021-04-26,153.0,158.0,155.5
2021-04-27,156.0,161.0,158.5
2021-04-28,157.0,162.0,159.5
2021-04-29,149.0,154.0,151.5
2021-04-30,145.0,150.0,147.5
2021-05-03,148.0,153.0,150.5
2021-05-04,149.0,154.0,151.5
2021-05-05,146.0,151.0,148.5
2021-05-06,145.0,151.0,148.0
2021-05-07,145.0,151.0,148.0
2021-05-10,147.0,152.0,149.5
2021-05-11,146.0,151.0,148.5
2021-05-12,147.0,152.0,149.5
2021-05-13,146.0,151.0,148.5
2021-05-14,148.0,153.0,150.5
2021-05-17,148.0,153.0,150.5
2021-05-18,151.0,156.0,153.5
2021-05-19,150.0,156.0,153.0
2021-05-20,149.0,155.0,152.0
2021-05-21,148.0,153.0,150.5
2021-05-24,148.0,153.0,150.5
2021-05-26,150.0,155.0,152.5
2021-05-27,152.0,157.0,154.5
2021-05-28,152.0,157.0,154.5
2021-05-31,152.0,157.0,154.5
2021-06-01,150.0,155.0,152.5
2021-06-02,151.0,156.0,153.5
2021-06-03,151.0,156.0,153.5
2021-06-04,152.0,157.0,154.5
2021-06-07,152.0,157.0,154.5
2021-06-08,151.0,156.0,153.5
2021-06-09,151.0,156.0,153.5
2021-06-10,152.0,157.0,154.5
2021-06-11,153.0,158.0,155.5
2021-06-14,153.0,158.0,155.5
2021-06-15,155.0,160.0,157.5
2021-06-16,158.0,163.0,160.5
2021-06-17,158.0,163.0,160.5
2021-06-18,159.0,164.0,161.5
2021-06-22,160.0,165.0,162.5
2021-06-23,161.0,166.0,163.5
2021-06-24,165.0,170.0,167.5
2021-06-25,169.0,174.0,171.5
2021-06-28,168.0,173.0,170.5
2021-06-29,165.0,170.0,167.5
2021-06-30,163.0,168.0,165.5
2021-07-01,164.0,169.0,166.5
2021-07-02,165.0,170.0,167.5
2021-07-05,166.0,171.0,168.5
2021-07-06,166.0,171.0,168.5
2021-07-07,167.0,172.0,169.5
2021-07-08,169.0,174.0,171.5
2021-07-12,172.0,177.0,174.5
2021-07-13,171.0,176.0,173.5
2021-07-14,172.0,177.0,174.5
2021-07-15,173.0,178.0,175.5
2021-07-16,174.0,179.0,176.5
2021-07-19,175.0,180.0,177.5
2021-07-20,177.0,182.0,179.5
2021-07-21,177.5,182.5,180.0
2021-07-22,179.5,184.5,182.0
2021-07-23,180.0,185.0,182.5
2021-07-26,179.0,184.0,181.5
2021-07-27,178.0,183.0,180.5
2021-07-28,175.0,180.0,177.5
2021-07-29,175.0,180.0,177.5
2021-07-30,175.5,180.5,178.0
2021-08-02,175.5,180.5,178.0
2021-08-03,175.5,180.5,178.0
2021-08-04,175.5,180.5,178.0
2021-08-05,174.5,179.5,177.0
2021-08-06,173.5,178.5,176.0
2021-08-09,174.0,179.0,176.5
2021-08-10,173.0,178.0,175.5
2021-08-11,173.0,178.0,175.5
2021-08-12,173.5,178.5,176.0
2021-08-13,177.0,182.0,179.5
2021-08-17,178.0,183.0,180.5
2021-08-18,177.0,182.0,179.5
2021-08-19,176.5,181.5,179.0
2021-08-20,177.0,182.0,179.5
2021-08-23,177.0,182.0,179.5
2021-08-24,177.0,182.0,179.5
2021-08-25,176.5,181.5,179.0
2021-08-26,176.5,181.5,179.0
2021-08-27,177.0,182.0,179.5
2021-08-30,177.0,182.0,179.5
2021-08-31,176.5,181.5,179.0
2021-09-01,175.5,180.5,178.0
2021-09-02,176.0,181.0,178.5
2021-09-03,177.0,182.0,179.5
2021-09-06,178.0,182.0,180.0
2021-09-07,179.5,183.5,181.5
2021-09-08,183.0,187.0,185.0
2021-09-09,182.5,186.5,184.5
2021-09-10,181.0,185.0,183.0
2021-09-13,177.0,181.0,179.0
2021-09-14,178.5,182.5,180.5
2021-09-15,181.0,185.0,183.0
2021-09-16,182.0,186.0,184.0
2021-09-17,181.0,185.0,183.0
2021-09-20,180.0,184.0,182.0
2021-09-21,180.0,184.0,182.0
2021-09-22,181.0,185.0,183.0
2021-09-23,181.0,185.0,183.0
2021-09-24,182.0,186.0,184.0
2021-09-27,182.5,186.5,184.5
2021-09-28,183.0,187.0,185.0
2021-09-29,183.0,187.0,185.0
2021-09-30,182.0,186.0,184.0
2021-10-01,182.0,186.0,184.0
2021-10-04,181.0,185.0,183.0
2021-10-05,181.0,185.0,183.0
2021-10-06,181.5,185.5,183.5
2021-10-07,180.5,184.5,182.5
2021-10-12,181.0,185.0,183.0
2021-10-13,181.0,185.0,183.0
2021-10-14,181.5,185.5,183.5
2021-10-15,182.5,186.5,184.5
2021-10-18,181.5,185.5,183.5
2021-10-19,183.0,187.0,185.0
2021-10-20,184.0,188.0,186.0
2021-10-21,187.0,191.0,189.0
2021-10-22,191.0,195.0,193.0
2021-10-25,190.0,194.0,192.0
2021-10-26,192.0,196.0,194.0
2021-10-27,193.0,197.0,195.0
2021-10-28,194.0,198.0,196.0
2021-10-29,193.5,197.5,195.5
2021-11-01,192.5,196.5,194.5
2021-11-02,193.5,197.5,195.5
2021-11-03,195.0,199.0,197.0
2021-11-04,195.0,199.0,197.0
2021-11-05,195.0,199.0,197.0
2021-11-08,195.0,199.0,197.0
2021-11-09,195.5,199.5,197.5
2021-11-10,201.0,205.0,203.0
2021-11-11,202.5,206.5,204.5
2021-11-12,196.0,200.0,198.0
2021-11-15,195.5,199.5,197.5
2021-11-16,196.5,200.5,198.5
2021-11-17,197.5,201.5,199.5
2021-11-18,197.0,201.0,199.0
2021-11-19,197.5,201.5,199.5
2021-11-23,197.0,201.0,199.0
2021-11-24,196.5,200.5,198.5
2021-11-25,197.0,201.0,199.0
2021-11-26,197.0,201.0,199.0
2021-11-29,197.0,201.0,199.0
2021-11-30,197.5,201.5,199.5
2021-12-01,196.5,200.5,198.5
2021-12-02,196.5,200.5,198.5
2021-12-03,196.5,200.5,198.5
2021-12-06,195.0,199.0,197.0
2021-12-07,194.0,198.0,196.0
2021-12-09,192.0,196.0,194.0
2021-12-10,192.5,196.5,194.5
2021-12-13,191.5,195.5,193.5
2021-12-14,192.5,196.5,194.5
2021-12-15,194.5,198.5,196.5
2021-12-16,194.5,198.5,196.5
2021-12-17,196.0,200.0,198.0
2021-12-20,196.0,200.0,198.0
2021-12-21,195.0,199.0,197.0
2021-12-22,196.5,200.5,198.5
2021-12-23,200.0,204.0,202.0
2021-12-27,199.5,203.5,201.5
2021-12-28,202.0,206.0,204.0
2021-12-29,205.0,209.0,207.0
2021-12-30,204.0,208.0,206.0
2022-01-03,202.0,206.0,204.0
2022-01-04,202.5,206.5,204.5
2022-01-05,203.5,207.5,205.5
2022-01-06,204.5,208.5,206.5
2022-01-07,204.0,208.0,206.0
2022-01-10,202.0,206.0,204.0
2022-01-11,205.0,209.0,207.0
2022-01-12,204.5,208.5,206.5
2022-01-13,205.5,209.5,207.5
2022-01-14,205.5,209.5,207.5
2022-01-17,205.0,209.0,207.0
2022-01-18,207.0,211.0,209.0
2022-01-19,209.0,213.0,211.0
2022-01-20,210.0,214.0,212.0
2022-01-21,215.0,219.0,217.0
2022-01-24,215.0,219.0,217.0
2022-01-25,215.5,219.5,217.5
2022-01-26,217.0,221.0,219.0
2022-01-27,218.5,222.5,220.5
2022-01-28,208.5,212.5,210.5
2022-01-31,209.0,213.0,211.0
2022-02-01,210.0,214.0,212.0
2022-02-02,212.5,216.5,214.5
2022-02-03,212.0,216.0,214.0
2022-02-04,210.0,214.0,212.0
2022-02-07,210.0,214.0,212.0
2022-02-08,211.0,215.0,213.0
2022-02-09,213.0,217.0,215.0
2022-02-10,211.5,215.5,213.5
2022-02-11,210.5,215.5,213.0
2022-02-14,211.0,215.0,213.0
2022-02-15,211.0,215.0,213.0
2022-02-16,211.0,215.0,213.0
2022-02-17,210.0,214.0,212.0
2022-02-18,207.0,211.0,209.0
2022-02-21,207.5,211.5,209.5
2022-02-22,206.0,210.0,208.0
2022-02-23,206.0,210.0,208.0
2022-02-24,206.5,210.5,208.5
2022-02-25,207.0,211.0,209.0
2022-03-02,202.0,206.0,204.0
2022-03-03,200.0,204.0,202.0
2022-03-04,197.0,201.0,199.0
2022-03-07,197.0,201.0,199.0
2022-03-08,198.0,202.0,200.0
2022-03-09,200.5,204.5,202.5
2022-03-10,199.0,203.0,201.0
2022-03-11,198.0,202.0,200.0
2022-03-14,196.0,200.0,198.0
2022-03-15,196.0,200.0,198.0
2022-03-16,198.0,202.0,200.0
2022-03-17,198.0,202.0,200.0
2022-03-18,198.5,202.5,200.5
2022-03-21,198.0,202.0,200.0
2022-03-22,197.0,201.0,199.0
2022-03-23,197.0,201.0,199.0
2022-03-25,198.0,202.0,200.0
2022-03-28,196.0,200.0,198.0
2022-03-29,196.0,200.0,198.0
2022-03-30,197.0,201.0,199.0
2022-03-31,196.0,200.0,198.0
2022-04-01,196.0,200.0,198.0
2022-04-04,195.0,199.0,197.0
2022-04-05,192.0,196.0,194.0
2022-04-06,192.0,196.0,194.0
2022-04-07,192.0,196.0,194.0
2022-04-08,192.5,196.5,194.5
2022-04-11,191.0,195.0,193.0
2022-04-12,191.0,195.0,193.0
2022-04-13,191.0,195.0,193.0
2022-04-18,191.0,195.0,193.0
2022-04-19,194.0,198.0,196.0
2022-04-20,195.5,199.5,197.5
2022-04-21,198.0,202.0,200.0
2022-04-22,199.0,203.0,201.0
2022-04-25,201.5,205.5,203.5
2022-04-26,208.5,212.5,210.5
2022-04-27,202.5,206.5,204.5
2022-04-28,200.0,204.0,202.0
2022-04-29,196.5,200.5,198.5
2022-05-02,197.0,201.0,199.0
2022-05-03,199.5,203.5,201.5
2022-05-04,197.0,201.0,199.0
2022-05-05,197.5,201.5,199.5
2022-05-06,197.0,201.0,199.0
2022-05-09,197.5,201.5,199.5
2022-05-10,198.0,202.0,200.0
2022-05-11,201.0,205.0,203.0
2022-05-12,199.5,203.5,201.5
2022-05-13,199.5,203.5,201.5
2022-05-16,201.0,205.0,203.0
2022-05-17,204.0,208.0,206.0
2022-05-19,202.0,206.0,204.0
2022-05-20,201.0,204.0,202.5
2022-05-23,202.5,206.5,204.5
2022-05-24,204.0,208.0,206.0
2022-05-26,203.0,207.0,205.0
2022-05-27,202.5,206.5,204.5
2022-05-30,202.5,206.5,204.5
2022-05-31,201.0,206.0,203.5
2022-06-01,202.0,206.0,204.0
2022-06-02,202.0,206.0,204.0
2022-06-03,201.0,205.0,203.0
2022-06-06,201.0,205.0,203.0
2022-06-07,202.0,206.0,204.0
2022-06-08,204.0,208.0,206.0
2022-06-09,204.0,208.0,206.0
2022-06-10,206.0,210.0,208.0
2022-06-13,212.0,216.0,214.0
2022-06-14,220.0,224.0,222.0
2022-06-15,213.0,217.0,215.0
2022-06-16,212.0,216.0,214.0
2022-06-21,216.0,220.0,218.0
2022-06-22,220.0,224.0,222.0
2022-06-23,220.0,224.0,222.0
2022-06-24,222.0,226.0,224.0
2022-06-27,228.0,232.0,230.0
2022-06-28,235.0,239.0,237.0
2022-06-29,235.0,239.0,237.0
2022-06-30,234.0,238.0,236.0
2022-07-01,235.0,239.0,237.0
2022-07-04,250.0,260.0,255.0
2022-07-05,242.0,252.0,247.0
2022-07-06,245.0,255.0,250.0
2022-07-07,247.0,257.0,252.0
2022-07-08,263.0,273.0,268.0
2022-07-11,258.0,268.0,263.0
2022-07-12,262.0,272.0,267.0
2022-07-13,273.0,283.0,278.0
2022-07-14,279.0,289.0,284.0
2022-07-15,283.0,293.0,288.0
2022-07-18,281.0,291.0,286.0
2022-07-19,291.0,301.0,296.0
2022-07-20,307.0,317.0,312.0
2022-07-21,327.0,337.0,332.0
2022-07-22,328.0,338.0,333.0
2022-07-25,312.0,322.0,317.0
2022-07-26,313.0,323.0,318.0
2022-07-27,316.0,326.0,321.0
2022-07-28,304.0,314.0,309.0
2022-07-29,286.0,296.0,291.0
2022-08-01,272.0,282.0,277.0
2022-08-02,281.0,291.0,286.0
2022-08-03,288.0,298.0,293.0
2022-08-04,281.0,291.0,286.0
2022-08-05,283.0,293.0,288.0
2022-08-08,282.0,292.0,287.0
2022-08-09,283.0,293.0,288.0
2022-08-10,285.0,295.0,290.0
2022-08-11,287.0,297.0,292.0
2022-08-12,285.0,295.0,290.0
2022-08-16,286.0,291.0,288.5
2022-08-17,287.0,292.0,289.5
2022-08-18,288.0,293.0,290.5
2022-08-19,290.0,295.0,292.5
2022-08-22,287.0,292.0,289.5
2022-08-23,292.0,297.0,294.5
2022-08-24,290.0,295.0,292.5
2022-08-25,288.0,293.0,290.5
2022-08-26,288.0,292.0,290.0
2022-08-29,287.0,292.0,289.5
2022-08-30,286.0,291.0,288.5
2022-08-31,285.0,290.0,287.5
2022-09-01,280.0,285.0,282.5
2022-09-02,280.0,285.0,282.5
2022-09-05,266.0,270.0,268.0
2022-09-06,272.0,276.0,274.0
2022-09-07,280.0,284.0,282.0
2022-09-08,276.0,280.0,278.0
2022-09-09,270.0,274.0,272.0
2022-09-12,268.0,272.0,270.0
2022-09-13,269.0,273.0,271.0
2022-09-14,273.0,277.0,275.0
2022-09-15,272.0,276.0,274.0
2022-09-16,273.0,277.0,275.0
2022-09-19,273.0,277.0,275.0
2022-09-20,283.0,287.0,285.0
2022-09-21,283.0,287.0,285.0
2022-09-22,281.0,285.0,283.0
2022-09-23,283.0,287.0,285.0
2022-09-26,282.0,286.0,284.0
2022-09-27,286.0,290.0,288.0
2022-09-28,286.0,290.0,288.0
2022-09-29,284.0,288.0,286.0
2022-09-30,284.0,288.0,286.0
2022-10-03,280.0,284.0,282.0
2022-10-04,278.0,282.0,280.0
2022-10-05,278.0,282.0,280.0
2022-10-06,273.0,277.0,275.0
2022-10-11,276.0,280.0,278.0
2022-10-12,285.0,289.0,287.0
2022-10-13,287.0,291.0,289.0
2022-10-14,286.0,290.0,288.0
2022-10-17,283.0,287.0,285.0
2022-10-18,286.0,290.0,288.0
2022-10-19,288.0,292.0,290.0
2022-10-20,287.0,291.0,289.0
2022-10-21,287.0,291.0,289.0
2022-10-24,287.0,291.0,289.0
2022-10-25,289.0,293.0,291.0
2022-10-26,288.0,292.0,290.0
2022-10-27,287.0,291.0,289.0
2022-10-28,288.0,292.0,290.0
2022-10-31,286.0,290.0,288.0
2022-11-01,286.0,290.0,288.0
2022-11-02,287.0,291.0,289.0
2022-11-03,283.0,287.0,285.0
2022-11-04,285.0,289.0,287.0
2022-11-07,286.0,290.0,288.0
2022-11-08,287.0,291.0,289.0
2022-11-09,288.0,292.0,290.0
2022-11-10,288.0,292.0,290.0
2022-11-11,289.0,293.0,291.0
2022-11-14,290.0,294.0,292.0
2022-11-15,298.0,302.0,300.0
2022-11-16,304.0,308.0,306.0
2022-11-17,303.0,307.0,305.0
2022-11-18,302.0,306.0,304.0
2022-11-22,304.0,308.0,306.0
2022-11-23,308.0,312.0,310.0
2022-11-24,315.0,319.0,317.0
2022-11-25,316.0,320.0,318.0
2022-11-28,314.0,318.0,316.0
2022-11-29,311.0,315.0,313.0
2022-11-30,310.0,314.0,312.0
2022-12-01,309.0,313.0,311.0
2022-12-02,308.0,312.0,310.0
2022-12-05,308.0,312.0,310.0
2022-12-06,311.0,315.0,313.0
2022-12-07,312.0,316.0,314.0
2022-12-12,308.0,312.0,310.0
2022-12-13,311.0,315.0,313.0
2022-12-14,316.0,320.0,318.0
2022-12-15,316.0,320.0,318.0
2022-12-16,317.0,321.0,319.0
2022-12-19,321.0,325.0,323.0
2022-12-20,322.0,326.0,324.0
2022-12-21,321.0,325.0,323.0
2022-12-22,326.0,330.0,328.0
2022-12-23,336.0,340.0,338.0
2022-12-26,342.0,346.0,344.0
2022-12-27,352.0,356.0,354.0
2022-12-28,353.0,357.0,355.0
2022-12-29,346.0,350.0,348.0
2022-12-30,342.0,346.0,344.0
2023-01-02,342.0,346.0,344.0
2023-01-03,350.0,354.0,352.0
2023-01-04,350.0,354.0,352.0
2023-01-05,349.0,353.0,351.0
2023-01-06,350.0,354.0,352.0
2023-01-09,351.0,355.0,353.0
2023-01-10,353.0,357.0,355.0
2023-01-11,355.0,359.0,357.0
2023-01-12,357.0,361.0,359.0
2023-01-13,365.0,369.0,367.0
2023-01-16,365.0,369.0,367.0
2023-01-17,366.0,370.0,368.0
2023-01-18,374.0,378.0,376.0
2023-01-19,373.0,377.0,375.0
2023-01-20,370.0,374.0,372.0
2023-01-23,372.0,376.0,374.0
2023-01-24,372.0,376.0,374.0
2023-01-25,377.0,381.0,379.0
2023-01-26,379.0,383.0,381.0
2023-01-27,381.0,385.0,383.0
2023-01-30,382.0,386.0,384.0
2023-01-31,379.0,383.0,381.0
2023-02-01,377.0,381.0,379.0
2023-02-02,373.0,377.0,375.0
2023-02-03,374.0,378.0,376.0
2023-02-06,369.0,373.0,371.0
2023-02-07,373.0,377.0,375.0
2023-02-09,377.0,381.0,379.0
2023-02-10,375.0,379.0,377.0
2023-02-13,373.0,377.0,375.0
2023-02-14,375.0,379.0,377.0
2023-02-15,375.0,379.0,377.0
2023-02-16,374.0,378.0,376.0
2023-02-17,373.0,377.0,375.0
2023-02-22,373.0,377.0,375.0
2023-02-23,373.0,377.0,375.0
2023-02-24,375.0,379.0,377.0
2023-02-27,375.0,379.0,377.0
2023-02-28,373.0,377.0,375.0
2023-03-01,371.0,375.0,373.0
2023-03-02,371.0,375.0,373.0
2023-03-03,373.0,377.0,375.0
2023-03-06,371.0,375.0,373.0
2023-03-07,368.0,372.0,370.0
2023-03-08,367.0,371.0,369.0
2023-03-09,374.0,378.0,376.0
2023-03-10,369.0,373.0,371.0
2023-03-13,369.0,373.0,371.0
2023-03-14,373.0,377.0,375.0
2023-03-15,373.0,377.0,375.0
2023-03-16,375.0,379.0,377.0
2023-03-17,379.0,383.0,381.0
2023-03-20,379.0,383.0,381.0
2023-03-21,382.0,386.0,384.0
2023-03-22,390.0,394.0,392.0
2023-03-23,387.0,391.0,389.0
2023-03-27,385.0,389.0,387.0
2023-03-28,386.0,390.0,388.0
2023-03-29,393.0,397.0,395.0
2023-03-30,389.0,393.0,391.0
2023-03-31,388.0,393.0,390.5
2023-04-03,391.0,395.0,393.0
2023-04-04,388.0,392.0,390.0
2023-04-05,388.0,392.0,390.0
2023-04-10,388.0,392.0,390.0
2023-04-11,387.0,391.0,389.0
2023-04-12,390.0,394.0,392.0
2023-04-13,394.0,398.0,396.0
2023-04-14,396.0,400.0,398.0
2023-04-17,403.0,408.0,405.5
2023-04-18,413.0,418.0,415.5
2023-04-19,418.0,423.0,420.5
2023-04-20,427.0,432.0,429.5
2023-04-21,437.0,442.0,439.5
2023-04-24,457.0,462.0,459.5
2023-04-25,490.0,495.0,492.5
2023-04-26,469.0,474.0,471.5
2023-04-27,462.0,467.0,464.5
2023-05-02,464.0,469.0,466.5
2023-05-03,467.0,472.0,469.5
2023-05-04,464.0,469.0,466.5
2023-05-05,463.0,468.0,465.5
2023-05-08,464.0,469.0,466.5
2023-05-09,465.0,470.0,467.5
2023-05-10,466.0,471.0,468.5
2023-05-11,467.0,472.0,469.5
2023-05-12,470.0,475.0,472.5
2023-05-15,469.0,474.0,471.5
2023-05-16,478.0,483.0,480.5
2023-05-17,483.0,488.0,485.5
2023-05-18,482.0,487.0,484.5
2023-05-19,483.0,488.0,485.5
2023-05-22,481.0,486.0,483.5
2023-05-23,485.0,490.0,487.5
2023-05-24,487.0,492.0,489.5
2023-05-29,488.0,493.0,490.5
2023-05-30,487.0,492.0,489.5
2023-05-31,485.0,490.0,487.5
2023-06-01,485.0,490.0,487.5
2023-06-02,485.0,490.0,487.5
2023-06-05,481.0,486.0,483.5
2023-06-06,480.0,485.0,482.5
2023-06-07,479.0,484.0,481.5
2023-06-08,479.0,484.0,481.5
2023-06-09,478.0,483.0,480.5
2023-06-12,479.0,484.0,481.5
2023-06-13,484.0,489.0,486.5
2023-06-14,491.0,496.0,493.5
2023-06-15,482.0,487.0,484.5
2023-06-16,487.0,492.0,489.5
2023-06-21,487.0,492.0,489.5
2023-06-22,488.0,493.0,490.5
2023-06-23,490.0,495.0,492.5
2023-06-26,488.0,493.0,490.5
2023-06-27,491.0,496.0,493.5
2023-06-28,491.0,496.0,493.5
2023-06-29,489.0,494.0,491.5
2023-06-30,489.0,494.0,491.5
2023-07-03,490.0,495.0,492.5
2023-07-04,488.0,493.0,490.5
2023-07-05,487.0,492.0,489.5
2023-07-06,486.0,491.0,488.5
2023-07-07,487.0,492.0,489.5
2023-07-10,490.0,495.0,492.5
2023-07-11,493.0,498.0,495.5
2023-07-12,498.0,503.0,500.5
2023-07-13,507.0,512.0,509.5
2023-07-14,518.0,522.0,520.0
2023-07-17,515.0,520.0,517.5
2023-07-18,515.0,520.0,517.5
2023-07-19,520.0,525.0,522.5
2023-07-20,520.0,525.0,522.5
2023-07-21,524.0,529.0,526.5
2023-07-24,547.0,552.0,549.5
2023-07-25,531.0,536.0,533.5
2023-07-26,541.0,546.0,543.5
2023-07-27,548.0,553.0,550.5
2023-07-28,546.0,551.0,548.5
2023-07-31,545.0,550.0,547.5
2023-08-01,555.0,560.0,557.5
2023-08-02,555.0,560.0,557.5
2023-08-03,565.0,570.0,567.5
2023-08-04,569.0,574.0,571.5
2023-08-07,591.0,596.0,593.5
2023-08-09,595.0,600.0,597.5
2023-08-10,597.0,602.0,599.5
2023-08-11,595.0,605.0,600.0
2023-08-14,665.0,685.0,675.0
2023-08-15,720.0,730.0,725.0
2023-08-16,770.0,780.0,775.0
2023-08-17,750.0,760.0,755.0
2023-08-18,710.0,720.0,715.0
2023-08-22,717.0,727.0,722.0
2023-08-23,725.0,735.0,730.0
2023-08-24,715.0,725.0,720.0
2023-08-25,720.0,730.0,725.0
2023-08-28,728.0,738.0,733.0
2023-08-29,740.0,750.0,745.0
2023-08-30,730.0,740.0,735.0
2023-08-31,725.0,735.0,730.0
2023-09-01,720.0,730.0,725.0
2023-09-04,720.0,730.0,725.0
2023-09-05,715.0,725.0,720.0
2023-09-06,710.0,720.0,715.0
2023-09-07,710.0,720.0,715.0
2023-09-08,700.0,710.0,705.0
2023-09-11,707.0,717.0,712.0
2023-09-12,720.0,730.0,725.0
2023-09-13,725.0,735.0,730.0
2023-09-14,712.0,722.0,717.0
2023-09-15,720.0,730.0,725.0
2023-09-18,728.0,738.0,733.0
2023-09-19,730.0,740.0,735.0
2023-09-20,725.0,735.0,730.0
2023-09-21,735.0,745.0,740.0
2023-09-22,735.0,745.0,740.0
2023-09-25,735.0,745.0,740.0
2023-09-26,748.0,758.0,753.0
2023-09-27,763.0,773.0,768.0
2023-09-28,780.0,790.0,785.0
2023-09-29,790.0,800.0,795.0
2023-10-02,790.0,800.0,795.0
2023-10-03,800.0,810.0,805.0
2023-10-05,833.0,843.0,838.0
2023-10-06,870.0,880.0,875.0
2023-10-09,935.0,945.0,940.0
2023-10-10,990.0,1010.0,1000.0
2023-10-11,990.0,1010.0,1000.0
2023-10-12,960.0,980.0,970.0
2023-10-17,965.0,985.0,975.0
2023-10-18,885.0,905.0,895.0
2023-10-19,880.0,900.0,890.0
2023-10-20,880.0,900.0,890.0
2023-10-23,1050.0,1100.0,1075.0
2023-10-24,1050.0,1100.0,1075.0
2023-10-25,950.0,1000.0,975.0
2023-10-26,930.0,980.0,955.0
2023-10-27,940.0,990.0,965.0
2023-10-30,920.0,970.0,945.0
2023-10-31,870.0,920.0,895.0
2023-11-01,865.0,915.0,890.0
2023-11-02,875.0,925.0,900.0
2023-11-03,875.0,925.0,900.0
2023-11-07,840.0,890.0,865.0
2023-11-08,840.0,890.0,865.0
2023-11-09,900.0,950.0,925.0
2023-11-10,910.0,960.0,935.0
2023-11-13,875.0,925.0,900.0
2023-11-14,875.0,925.0,900.0
2023-11-15,920.0,970.0,945.0
2023-11-16,900.0,950.0,925.0
2023-11-17,900.0,950.0,925.0
2023-11-21,1025.0,1075.0,1050.0
2023-11-22,1030.0,1080.0,1055.0
2023-11-23,995.0,1045.0,1020.0
2023-11-24,945.0,995.0,970.0
2023-11-27,940.0,990.0,965.0
2023-11-28,895.0,945.0,920.0
2023-11-29,875.0,925.0,900.0
2023-11-30,855.0,905.0,880.0
2023-12-01,905.0,955.0,930.0
2023-12-04,880.0,930.0,905.0
2023-12-05,860.0,910.0,885.0
2023-12-06,905.0,955.0,930.0
2023-12-07,940.0,990.0,965.0
2023-12-11,950.0,1000.0,975.0
2023-12-12,1020.0,1070.0,1045.0
2023-12-13,1020.0,1070.0,1045.0
2023-12-14,940.0,990.0,965.0
2023-12-15,920.0,970.0,945.0
2023-12-18,935.0,985.0,960.0
2023-12-19,945.0,995.0,970.0
2023-12-20,945.0,995.0,970.0
2023-12-21,940.0,990.0,965.0
2023-12-22,945.0,995.0,970.0
2023-12-26,945.0,995.0,970.0
2023-12-27,950.0,1000.0,975.0
2023-12-28,950.0,1000.0,975.0
2023-12-29,975.0,1025.0,1000.0
2024-01-02,955.0,1005.0,980.0
2024-01-03,955.0,1005.0,980.0
2024-01-04,970.0,1020.0,995.0
2024-01-05,975.0,1025.0,1000.0
2024-01-08,1000.0,1050.0,1025.0
2024-01-09,1070.0,1120.0,1095.0
2024-01-10,1100.0,1150.0,1125.0
2024-01-11,1070.0,1120.0,1095.0
2024-01-12,1070.0,1120.0,1095.0
2024-01-15,1080.0,1130.0,1105.0
2024-01-16,1130.0,1180.0,1155.0
2024-01-17,1175.0,1225.0,1200.0
2024-01-18,1190.0,1240.0,1215.0
2024-01-19,1170.0,1220.0,1195.0
2024-01-22,1185.0,1235.0,1210.0
2024-01-23,1205.0,1255.0,1230.0
2024-01-24,1205.0,1255.0,1230.0
2024-01-25,1195.0,1245.0,1220.0
2024-01-26,1170.0,1220.0,1195.0
2024-01-29,1175.0,1225.0,1200.0
2024-01-30,1165.0,1215.0,1190.0
2024-01-31,1145.0,1195.0,1170.0
2024-02-01,1165.0,1195.0,1180.0
2024-02-02,1145.0,1175.0,1160.0
2024-02-05,1130.0,1160.0,1145.0
2024-02-06,1115.0,1145.0,1130.0
2024-02-07,1140.0,1170.0,1155.0
2024-02-08,1115.0,1145.0,1130.0
2024-02-09,1115.0,1145.0,1130.0
2024-02-14,1075.0,1105.0,1090.0
2024-02-15,1045.0,1075.0,1060.0
2024-02-16,1065.0,1095.0,1080.0
2024-02-19,1070.0,1110.0,1090.0
2024-02-20,1085.0,1115.0,1100.0
2024-02-21,1085.0,1115.0,1100.0
2024-02-22,1055.0,1085.0,1070.0
2024-02-23,1055.0,1085.0,1070.0
2024-02-26,1050.0,1080.0,1065.0
2024-02-27,1045.0,1070.0,1057.5
2024-02-28,1015.0,1045.0,1030.0
2024-02-29,1000.0,1030.0,1015.0
2024-03-01,1020.0,1050.0,1035.0
2024-03-04,985.0,1015.0,1000.0
2024-03-05,980.0,1010.0,995.0
2024-03-06,960.0,990.0,975.0
2024-03-07,955.0,985.0,970.0
2024-03-08,965.0,995.0,980.0
2024-03-11,975.0,1005.0,990.0
2024-03-12,990.0,1020.0,1005.0
2024-03-13,1005.0,1035.0,1020.0
2024-03-14,995.0,1025.0,1010.0
2024-03-15,995.0,1025.0,1010.0
2024-03-18,995.0,1025.0,1010.0
2024-03-19,1005.0,1035.0,1020.0
2024-03-20,1000.0,1030.0,1015.0
2024-03-21,1000.0,1030.0,1015.0
2024-03-22,990.0,1020.0,1005.0
2024-03-25,990.0,1020.0,1005.0
2024-03-26,985.0,1015.0,1000.0
2024-03-27,980.0,1010.0,995.0
2024-04-03,975.0,1005.0,990.0
2024-04-04,970.0,1000.0,985.0
2024-04-05,955.0,985.0,970.0
2024-04-08,955.0,985.0,970.0
2024-04-09,970.0,1000.0,985.0
2024-04-10,970.0,1000.0,985.0
2024-04-11,970.0,1000.0,985.0
2024-04-12,975.0,1005.0,990.0
2024-04-15,985.0,1015.0,1000.0
2024-04-16,1005.0,1035.0,1020.0
2024-04-17,1000.0,1030.0,1015.0
2024-04-18,995.0,1025.0,1010.0
2024-04-19,985.0,1015.0,1000.0
2024-04-22,1005.0,1035.0,1020.0
2024-04-23,1000.0,1030.0,1015.0
2024-04-24,1005.0,1035.0,1020.0
2024-04-25,1025.0,1055.0,1040.0
2024-04-26,1025.0,1055.0,1040.0
2024-04-29,1015.0,1045.0,1030.0
2024-04-30,1010.0,1040.0,1025.0
2024-05-02,1010.0,1040.0,1025.0
2024-05-03,1010.0,1040.0,1025.0
2024-05-06,1015.0,1045.0,1030.0
2024-05-07,1010.0,1040.0,1025.0
2024-05-08,1010.0,1040.0,1025.0
2024-05-09,1015.0,1045.0,1030.0
2024-05-10,1010.0,1040.0,1025.0
2024-05-13,1015.0,1045.0,1030.0
2024-05-14,1070.0,1070.0,1070.0
2024-05-15,1070.0,1100.0,1085.0
2024-05-16,1070.0,1100.0,1085.0
2024-05-17,1090.0,1120.0,1105.0
2024-05-20,1150.0,1180.0,1165.0
2024-05-21,1200.0,1230.0,1215.0
2024-05-22,1245.0,1275.0,1260.0
2024-05-23,1250.0,1280.0,1265.0
2024-05-24,1190.0,1220.0,1205.0
2024-05-27,1175.0,1205.0,1190.0
2024-05-28,1180.0,1210.0,1195.0
2024-05-29,1200.0,1230.0,1215.0
2024-05-30,1200.0,1230.0,1215.0
2024-05-31,1195.0,1225.0,1210.0
2024-06-03,1205.0,1235.0,1220.0
2024-06-04,1235.0,1265.0,1250.0
2024-06-05,1220.0,1250.0,1235.0
2024-06-06,1220.0,1250.0,1235.0
2024-06-07,1235.0,1265.0,1250.0
2024-06-10,1250.0,1280.0,1265.0
2024-06-11,1265.0,1295.0,1280.0
2024-06-12,1255.0,1285.0,1270.0
2024-06-13,1215.0,1245.0,1230.0
2024-06-14,1250.0,1280.0,1265.0
2024-06-18,1275.0,1305.0,1290.0
2024-06-19,1270.0,1300.0,1285.0
2024-06-24,1300.0,1330.0,1315.0
2024-06-25,1335.0,1365.0,1350.0
2024-06-26,1345.0,1365.0,1355.0
2024-06-27,1325.0,1355.0,1340.0
2024-06-28,1335.0,1365.0,1350.0
2024-07-01,1375.0,1405.0,1390.0
2024-07-02,1400.0,1430.0,1415.0
2024-07-03,1375.0,1405.0,1390.0
2024-07-04,1375.0,1405.0,1390.0
2024-07-05,1390.0,1420.0,1405.0
2024-07-08,1410.0,1440.0,1425.0
2024-07-10,1420.0,1450.0,1435.0
2024-07-11,1435.0,1465.0,1450.0
2024-07-12,1470.0,1500.0,1485.0
2024-07-15,1385.0,1415.0,1400.0
2024-07-16,1375.0,1405.0,1390.0
2024-07-17,1425.0,1455.0,1440.0
2024-07-18,1425.0,1455.0,1440.0
2024-07-19,1415.0,1445.0,1430.0
2024-07-22,1410.0,1440.0,1425.0
2024-07-23,1415.0,1445.0,1430.0
2024-07-24,1420.0,1450.0,1435.0
2024-07-25,1415.0,1445.0,1430.0
2024-07-26,1405.0,1435.0,1420.0
2024-07-29,1390.0,1415.0,1402.5
2024-07-30,1355.0,1385.0,1370.0
2024-07-31,1340.0,1370.0,1355.0
2024-08-01,1350.0,1380.0,1365.0
2024-08-02,1365.0,1395.0,1380.0
2024-08-05,1360.0,1390.0,1375.0
2024-08-06,1345.0,1375.0,1360.0
2024-08-07,1355.0,1385.0,1370.0
2024-08-08,1345.0,1375.0,1360.0
2024-08-09,1325.0,1355.0,1340.0
2024-08-12,1325.0,1355.0,1340.0
2024-08-13,1330.0,1360.0,1345.0
2024-08-14,1325.0,1355.0,1340.0
2024-08-15,1320.0,1350.0,1335.0
2024-08-16,1315.0,1345.0,1330.0
2024-08-19,1320.0,1350.0,1335.0
2024-08-20,1325.0,1355.0,1340.0
2024-08-21,1325.0,1355.0,1340.0
2024-08-22,1320.0,1350.0,1335.0
2024-08-23,1320.0,1350.0,1335.0
2024-08-26,1320.0,1350.0,1335.0
2024-08-27,1310.0,1340.0,1325.0
2024-08-28,1305.0,1335.0,1320.0
2024-08-29,1285.0,1315.0,1300.0
2024-08-30,1275.0,1305.0,1290.0
2024-09-02,1275.0,1305.0,1290.0
2024-09-03,1280.0,1310.0,1295.0
2024-09-04,1275.0,1305.0,1290.0
2024-09-05,1235.0,1265.0,1250.0
2024-09-06,1230.0,1260.0,1245.0
2024-09-09,1240.0,1270.0,1255.0
2024-09-10,1250.0,1280.0,1265.0
2024-09-11,1255.0,1285.0,1270.0
2024-09-12,1250.0,1280.0,1265.0
2024-09-13,1235.0,1265.0,1250.0
2024-09-16,1245.0,1275.0,1260.0
2024-09-17,1240.0,1270.0,1255.0
2024-09-18,1230.0,1260.0,1245.0
2024-09-19,1210.0,1240.0,1225.0
2024-09-20,1215.0,1245.0,1230.0
2024-09-23,1215.0,1245.0,1230.0
2024-09-24,1215.0,1245.0,1230.0
2024-09-25,1210.0,1240.0,1225.0
2024-09-26,1200.0,1230.0,1215.0
2024-09-27,1215.0,1245.0,1230.0
2024-09-30,1205.0,1235.0,1220.0
2024-10-01,1190.0,1220.0,1205.0
2024-10-02,1185.0,1215.0,1200.0
2024-10-03,1175.0,1205.0,1190.0
2024-10-04,1165.0,1195.0,1180.0
2024-10-07,1155.0,1185.0,1170.0
2024-10-08,1145.0,1175.0,1160.0
2024-10-09,1145.0,1175.0,1160.0
2024-10-10,1150.0,1180.0,1165.0
2024-10-14,1160.0,1190.0,1175.0
2024-10-15,1205.0,1235.0,1220.0
2024-10-16,1190.0,1220.0,1205.0
2024-10-17,1190.0,1220.0,1205.0
2024-10-18,1195.0,1225.0,1210.0
2024-10-21,1210.0,1240.0,1225.0
2024-10-22,1215.0,1245.0,1230.0
2024-10-23,1210.0,1240.0,1225.0
2024-10-24,1285.0,1215.0,1250.0
2024-10-25,1185.0,1215.0,1200.0
2024-10-28,1195.0,1225.0,1210.0
2024-10-29,1190.0,1220.0,1205.0
2024-10-30,1165.0,1195.0,1180.0
2024-10-31,1150.0,1180.0,1165.0
2024-11-01,1160.0,1190.0,1175.0
2024-11-04,1160.0,1190.0,1175.0
2024-11-05,1140.0,1170.0,1155.0
2024-11-06,1105.0,1135.0,1120.0
2024-11-08,1085.0,1115.0,1100.0
2024-11-11,1105.0,1135.0,1120.0
2024-11-12,1105.0,1135.0,1120.0
2024-11-13,1110.0,1140.0,1125.0
2024-11-15,1110.0,1140.0,1125.0
2024-11-19,1110.0,1140.0,1125.0
2024-11-20,1105.0,1135.0,1120.0
2024-11-21,1105.0,1135.0,1120.0
2024-11-22,1105.0,1135.0,1120.0
2024-11-26,1100.0,1130.0,1115.0
2024-11-27,1105.0,1135.0,1120.0
2024-11-28,1095.0,1125.0,1110.0
2024-11-29,1085.0,1115.0,1100.0
2024-12-02,1090.0,1120.0,1105.0
2024-12-03,1070.0,1100.0,1085.0
2024-12-04,1060.0,1090.0,1075.0
2024-12-05,1050.0,1080.0,1065.0
2024-12-06,1025.0,1055.0,1040.0
2024-12-09,1030.0,1050.0,1040.0
2024-12-10,1050.0,1070.0,1060.0
2024-12-11,1050.0,1070.0,1060.0
2024-12-12,1060.0,1080.0,1070.0
2024-12-13,1075.0,1095.0,1085.0
2024-12-16,1095.0,1125.0,1110.0
2024-12-18,1145.0,1165.0,1155.0
2024-12-19,1185.0,1205.0,1195.0
2024-12-20,1155.0,1175.0,1165.0
2024-12-23,1140.0,1160.0,1150.0
2024-12-26,1180.0,1200.0,1190.0
2024-12-27,1190.0,1210.0,1200.0
2024-12-30,1195.0,1215.0,1205.0
2025-01-02,1195.0,1215.0,1205.0
2025-01-06,1185.0,1205.0,1195.0
2025-01-07,1185.0,1205.0,1195.0
2025-01-08,1195.0,1215.0,1205.0
2025-01-09,1200.0,1220.0,1210.0
2025-01-10,1200.0,1220.0,1210.0
2025-01-13,1230.0,1250.0,1240.0
2025-01-15,1230.0,1240.0,1235.0
2025-01-16,1205.0,1225.0,1215.0
2025-01-17,1210.0,1235.0,1222.5
2025-01-20,1215.0,1235.0,1225.0
2025-01-21,1220.0,1240.0,1230.0
2025-01-22,1215.0,1235.0,1225.0
2025-01-23,1220.0,1240.0,1230.0
2025-01-24,1205.0,1225.0,1215.0
2025-01-27,1210.0,1230.0,1220.0
2025-01-28,1210.0,1230.0,1220.0
2025-01-30,1200.0,1220.0,1210.0
2025-01-31,1200.0,1220.0,1210.0
2025-02-03,1205.0,1225.0,1215.0
2025-02-04,1195.0,1215.0,1205.0
2025-02-05,1195.0,1215.0,1205.0
2025-02-06,1195.0,1215.0,1205.0
2025-02-07,1185.0,1205.0,1195.0
2025-02-10,1185.0,1205.0,1195.0
2025-02-11,1180.0,1210.0,1195.0
2025-02-12,1195.0,1215.0,1205.0
2025-02-13,1205.0,1225.0,1215.0
2025-02-14,1200.0,1220.0,1210.0
2025-02-17,1200.0,1220.0,1210.0
2025-02-18,1215.0,1235.0,1225.0
2025-02-19,1215.0,1235.0,1225.0
2025-02-20,1205.0,1225.0,1215.0
2025-02-21,1205.0,1225.0,1215.0
2025-02-24,1210.0,1230.0,1220.0
2025-02-25,1220.0,1240.0,1230.0
2025-02-26,1220.0,1240.0,1230.0
2025-02-27,1210.0,1230.0,1220.0
2025-02-28,1205.0,1225.0,1215.0
2025-03-05,1210.0,1230.0,1220.0
2025-03-06,1205.0,1225.0,1215.0
2025-03-07,1195.0,1215.0,1205.0
2025-03-10,1205.0,1225.0,1215.0
2025-03-12,1200.0,1220.0,1210.0
2025-03-13,1210.0,1230.0,1220.0
2025-03-14,1220.0,1240.0,1230.0
2025-03-17,1235.0,1255.0,1245.0
2025-03-18,1235.0,1255.0,1245.0
2025-03-19,1260.0,1280.0,1270.0
2025-03-20,1245.0,1265.0,1255.0
2025-03-21,1260.0,1280.0,1270.0
2025-03-25,1275.0,1295.0,1285.0
2025-03-26,1290.0,1310.0,1300.0
2025-03-27,1280.0,1300.0,1290.0
2025-03-28,1280.0,1300.0,1290.0
2025-03-31,1305.0,1325.0,1315.0
2025-04-01,1285.0,1315.0,1300.0
2025-04-03,1290.0,1310.0,1300.0
2025-04-04,1290.0,1310.0,1300.0
2025-04-07,1325.0,1345.0,1335.0
2025-04-08,1340.0,1360.0,1350.0
2025-04-09,1335.0,1355.0,1345.0
2025-04-10,1345.0,1365.0,1355.0
2025-04-11,1355.0,1375.0,1365.0
2025-04-14,1265.0,1285.0,1275.0
2025-04-15,1255.0,1285.0,1270.0
2025-04-16,1230.0,1250.0,1240.0
2025-04-21,1130.0,1150.0,1140.0
2025-04-22,1165.0,1185.0,1175.0
2025-04-23,1190.0,1210.0,1200.0
2025-04-24,1205.0,1225.0,1215.0
2025-04-28,1190.0,1210.0,1200.0
2025-04-29,1185.0,1205.0,1195.0
2025-04-30,1180.0,1200.0,1190.0
2025-05-05,1165.0,1185.0,1175.0
2025-05-06,1185.0,1205.0,1195.0
2025-05-07,1170.0,1190.0,1180.0
2025-05-08,1150.0,1170.0,1160.0
2025-05-09,1145.0,1165.0,1155.0
2025-05-12,1150.0,1170.0,1160.0
2025-05-14,1140.0,1160.0,1150.0
2025-05-15,1145.0,1165.0,1155.0
2025-05-16,1145.0,1165.0,1155.0
2025-05-19,1145.0,1165.0,1155.0
2025-05-20,1145.0,1165.0,1155.0
2025-05-21,1155.0,1175.0,1165.0
2025-05-22,1155.0,1175.0,1165.0
2025-05-23,1145.0,1165.0,1155.0
2025-05-26,1150.0,1170.0,1160.0
2025-05-27,1150.0,1170.0,1160.0
2025-05-29,1150.0,1170.0,1160.0
2025-05-30,1150.0,1170.0,1160.0
2025-06-02,1145.0,1165.0,1155.0
2025-06-03,1140.0,1160.0,1150.0
2025-06-04,1160.0,1180.0,1170.0
2025-06-05,1155.0,1175.0,1165.0
2025-06-06,1145.0,1165.0,1155.0
2025-06-09,1175.0,1195.0,1185.0
2025-06-10,1170.0,1190.0,1180.0
2025-06-11,1160.0,1180.0,1170.0
2025-06-12,1165.0,1185.0,1175.0
2025-06-13,1170.0,1190.0,1180.0
2025-06-17,1180.0,1200.0,1190.0
2025-06-18,1170.0,1190.0,1180.0
2025-06-19,1180.0,1200.0,1190.0
2025-06-23,1190.0,1210.0,1200.0
2025-06-24,1195.0,1215.0,1205.0
2025-06-25,1190.0,1210.0,1200.0
2025-06-26,1190.0,1210.0,1200.0
2025-06-27,1190.0,1210.0,1200.0
2025-06-30,1195.0,1215.0,1205.0
2025-07-01,1205.0,1225.0,1215.0
2025-07-02,1220.0,1240.0,1230.0
2025-07-03,1205.0,1225.0,1215.0
2025-07-04,1210.0,1230.0,1220.0
2025-07-07,1250.0,1270.0,1260.0
2025-07-08,1260.0,1280.0,1270.0
2025-07-10,1275.0,1295.0,1285.0
2025-07-11,1280.0,1300.0,1290.0
2025-07-14,1220.0,1340.0,1280.0
2025-07-15,1310.0,1330.0,1320.0
2025-07-16,1275.0,1295.0,1285.0
2025-07-17,1275.0,1295.0,1285.0
2025-07-18,1285.0,1305.0,1295.0
2025-07-21,1305.0,1325.0,1315.0
2025-07-22,1290.0,1310.0,1300.0
2025-07-23,1290.0,1310.0,1300.0
2025-07-25,1300.0,1320.0,1310.0
2025-07-28,1295.0,1315.0,1305.0
2025-07-29,1300.0,1320.0,1310.0
2025-07-30,1300.0,1320.0,1310.0
2025-07-31,1300.0,1320.0,1310.0
2025-08-01,1315.0,1335.0,1325.0
2025-08-04,1315.0,1335.0,1325.0
2025-08-05,1310.0,1330.0,1320.0
2025-08-06,1305.0,1325.0,1315.0
2025-08-07,1300.0,1320.0,1310.0
2025-08-08,1305.0,1325.0,1315.0
2025-08-11,1305.0,1325.0,1315.0
2025-08-12,1315.0,1335.0,1325.0
2025-08-13,1310.0,1330.0,1320.0
2025-08-14,1320.0,1340.0,1330.0
2025-08-18,1320.0,1340.0,1330.0
2025-08-19,1320.0,1340.0,1330.0
2025-08-21,1320.0,1340.0,1330.0
2025-08-22,1320.0,1340.0,1330.0
2025-08-25,1345.0,1365.0,1355.0
2025-08-26,1345.0,1365.0,1355.0
2025-08-27,1345.0,1365.0,1355.0
2025-08-29,1330.0,1350.0,1340.0
2025-08-30,1300.0,1320.0,1310.0
2025-09-01,1335.0,1355.0,1345.0
2025-09-03,1330.0,1350.0,1340.0
2025-09-05,1345.0,1365.0,1355.0
2025-09-08,1350.0,1370.0,1360.0
2025-09-09,1355.0,1385.0,1370.0
2025-09-10,1365.0,1385.0,1375.0
2025-09-11,1375.0,1395.0,1385.0
2025-09-12,1390.0,1410.0,1400.0
2025-09-15,1405.0,1425.0,1415.0
2025-09-16,1435.0,1455.0,1445.0
2025-09-17,1445.0,1465.0,1455.0
2025-09-18,1470.0,1490.0,1480.0
2025-09-19,1490.0,1510.0,1500.0
2025-09-22,1500.0,1520.0,1510.0
2025-09-23,1415.0,1435.0,1425.0
2025-09-24,1390.0,1410.0,1400.0
2025-09-25,1385.0,1405.0,1395.0
2025-09-26,1390.0,1410.0,1400.0
2025-09-29,1410.0,1430.0,1420.0
2025-09-30,1425.0,1445.0,1435.0
2025-10-02,1455.0,1475.0,1465.0
2025-10-03,1420.0,1440.0,1430.0
2025-10-06,1430.0,1450.0,1440.0
2025-10-08,1455.0,1475.0,1465.0
2025-10-13,1455.0,1475.0,1465.0
2025-10-14,1385.0,1405.0,1395.0
2025-10-15,1400.0,1420.0,1410.0
2025-10-16,1445.0,1465.0,1455.0
2025-10-20,1465.0,1485.0,1475.0
2025-10-21,1485.0,1505.0,1495.0
2025-10-22,1525.0,1545.0,1535.0
2025-10-23,1530.0,1550.0,1540.0
2025-10-24,1505.0,1525.0,1515.0
2025-10-27,1490.0,1510.0,1500.0
2025-10-28,1445.0,1465.0,1455.0
2025-10-29,1450.0,1470.0,1460.0
2025-10-30,1440.0,1460.0,1450.0
2025-10-31,1425.0,1445.0,1435.0
2025-11-03,1425.0,1445.0,1435.0
2025-11-04,1425.0,1445.0,1435.0
2025-11-05,1440.0,1460.0,1450.0
2025-11-06,1420.0,1440.0,1430.0
2025-11-07,1415.0,1435.0,1425.0
2025-11-10,1395.0,1415.0,1405.0
2025-11-11,1410.0,1430.0,1420.0
2025-11-12,1420.0,1440.0,1430.0
2025-11-13,1415.0,1435.0,1425.0
2025-11-14,1410.0,1430.0,1420.0
2025-11-17,1415.0,1435.0,1425.0
2025-11-18,1410.0,1430.0,1420.0
2025-11-19,1410.0,1430.0,1420.0
2025-11-24,1405.0,1425.0,1415.0
2025-11-25,1440.0,1460.0,1450.0
2025-11-27,1430.0,1450.0,1440.0
2025-11-28,1420.0,1440.0,1430.0
2025-12-01,1415.0,1435.0,1425.0
2025-12-02,1425.0,1445.0,1435.0
2025-12-03,1420.0,1440.0,1430.0
2025-12-04,1410.0,1430.0,1420.0
2025-12-08,1415.0,1435.0,1425.0
2025-12-09,1425.0,1445.0,1435.0
2025-12-10,1430.0,1450.0,1440.0
2025-12-12,1430.0,1450.0,1440.0
2025-12-15,1425.0,1445.0,1435.0
2025-12-16,1480.0,1500.0,1490.0
2025-12-17,1480.0,1500.0,1490.0
2025-12-18,1470.0,1490.0,1480.0
2025-12-19,1465.0,1485.0,1475.0
2025-12-22,1495.0,1505.0,1500.0
2025-12-26,1500.0,1520.0,1510.0
2025-12-29,1510.0,1530.0,1520.0
2025-12-30,1520.0,1540.0,1530.0
2025-12-31,1510.0,1530.0,1520.0
2026-01-01,1510.0,1530.0,1520.0
2026-01-02,1510.0,1530.0,1520.0
2026-01-06,1500.0,1520.0,1510.0
2026-01-07,1495.0,1515.0,1505.0
2026-01-09,1485.0,1505.0,1495.0
2026-01-12,1485.0,1505.0,1495.0
2026-01-13,1485.0,1505.0,1495.0
2026-01-15,1485.0,1505.0,1495.0
2026-01-19,1485.0,1505.0,1495.0
2026-01-20,1485.0,1505.0,1495.0
2026-01-22,1480.0,1500.0,1490.0
2026-01-23,1475.0,1495.0,1485.0
2026-01-26,1470.0,1490.0,1480.0
2026-01-28,1470.0,1490.0,1480.0
2026-01-29,1470.0,1480.0,1475.0
2026-01-30,1455.0,1475.0,1465.0
2026-02-02,1430.0,1450.0,1440.0
2026-02-04,1430.0,1450.0,1440.0
2026-02-05,1435.0,1455.0,1445.0
2026-02-06,1415.0,1435.0,1425.0
2026-02-10,1405.0,1425.0,1415.0
2026-02-12,1415.0,1435.0,1425.0
2026-02-13,1420.0,1440.0,1430.0
2026-02-17,1420.0,1440.0,1430.0
2026-02-19,1420.0,1440.0,1430.0
2026-02-20,1410.0,1430.0,1420.0
2026-02-23,1405.0,1425.0,1415.0
2026-02-25,1410.0,1430.0,1420.0
2026-02-26,1415.0,1435.0,1425.0
2026-02-27,1405.0,1425.0,1415.0
2026-03-03,1400.0,1420.0,1410.0
2026-03-04,1395.0,1415.0,1405.0
2026-03-05,1380.0,1400.0,1390.0
2026-03-06,1395.0,1415.0,1405.0
2026-03-10,1405.0,1425.0,1415.0
2026-03-11,1395.0,1415.0,1405.0
2026-03-12,1400.0,1420.0,1410.0
2026-03-16,1395.0,1415.0,1405.0
2026-03-17,1405.0,1425.0,1415.0
2026-03-18,1415.0,1435.0,1425.0
2026-03-19,1410.0,1430.0,1420.0
2026-03-24,1405.0,1425.0,1415.0
2026-03-25,1400.0,1420.0,1410.0
2026-03-27,1395.0,1415.0,1405.0
2026-03-30,1405.0,1425.0,1415.0
2026-03-31,1390.0,1410.0,1400.0
2026-04-03,1385.0,1405.0,1395.0
2026-04-06,1380.0,1400.0,1390.0
2026-04-07,1375.0,1395.0,1385.0
2026-04-09,1370.0,1390.0,1380.0
2026-04-10,1370.0,1390.0,1380.0
2026-04-13,1380.0,1400.0,1390.0
2026-04-15,1390.0,1410.0,1400.0
2026-04-16,1395.0,1415.0,1405.0
2026-04-20,1390.0,1410.0,1400.0
2026-04-21,1390.0,1410.0,1400.0
2026-04-22,1390.0,1410.0,1400.0
2026-04-23,1395.0,1415.0,1405.0
2026-04-24,1400.0,1420.0,1410.0
2026-04-27,1400.0,1420.0,1410.0
2026-04-28,1410.0,1430.0,1420.0
2026-04-29,1395.0,1415.0,1405.0
2026-05-04,1380.0,1400.0,1390.0
2026-05-05,1385.0,1405.0,1395.0
2026-05-06,1395.0,1415.0,1405.0
2026-05-07,1380.0,1400.0,1390.0
2026-05-08,1380.0,1400.0,1390.0
2026-05-11,1380.0,1400.0,1390.0
2026-05-12,1385.0,1405.0,1395.0
2026-05-13,1395.0,1415.0,1405.0
2026-05-14,1400.0,1420.0,1410.0
2026-05-15,1400.0,1420.0,1410.0
2026-05-18,1395.0,1415.0,1405.0
2026-05-19,1400.0,1420.0,1410.0
2026-05-20,1415.0,1435.0,1425.0
2026-05-21,1410.0,1430.0,1420.0
2026-05-22,1405.0,1425.0,1415.0
2026-05-26,1405.0,1425.0,1415.0
2026-05-27,1420.0,1440.0,1430.0
2026-05-28,1420.0,1440.0,1430.0
2026-05-29,1410.0,1430.0,1420.0
2026-06-02,1415.0,1435.0,1425.0
2026-06-03,1415.0,1435.0,1425.0
2026-06-04,1415.0,1435.0,1425.0
2026-06-05,1410.0,1435.0,1422.5
2026-06-08,1415.0,1435.0,1425.0
2026-06-09,1440.0,1460.0,1450.0
2026-06-10,1430.0,1450.0,1440.0
2026-06-11,1430.0,1450.0,1440.0
2026-06-15,1440.0,1460.0,1450.0
2026-06-16,1450.0,1470.0,1460.0
2026-06-17,1455.0,1475.0,1465.0
2026-06-18,1465.0,1485.0,1475.0
2026-06-19,1460.0,1480.0,1470.0
2026-06-22,1475.0,1495.0,1485.0
2026-06-23,1485.0,1505.0,1495.0
2026-06-24,1510.0,1530.0,1520.0
2026-06-25,1510.0,1530.0,1520.0
2026-06-26,1495.0,1515.0,1505.0
2026-06-29,1490.0,1510.0,1500.0
2026-06-30,1495.0,1515.0,1505.0
2026-07-01,1505.0,1525.0,1515.0
2026-07-02,1505.0,1525.0,1515.0
2026-07-03,1495.0,1515.0,1505.0
2026-07-06,1495.0,1515.0,1505.0
2026-07-07,1495.0,1515.0,1505.0
2026-07-10,1500.0,1520.0,1510.0
2026-07-11,1490.0,1510.0,1500.0
2026-07-13,1500.0,1520.0,1510.0
2026-07-15,1500.0,1520.0,1510.0
2026-07-16,1510.0,1530.0,1520.0
2026-07-17,1510.0,1530.0,1520.0
2026-07-20,1515.0,1535.0,1525.0
2026-07-22,1525.0,1545.0,1535.0
2026-07-23,1535.0,1555.0,1545.0
2026-07-24,1525.0,1545.0,1535.0
2026-07-28,1540.0,1560.0,1550.0
2026-07-29,1550.0,1570.0,1560.0
2026-07-30,1550.0,1570.0,1560.0
2026-07-31,1540.0,1560.0,1550.0
2026-08-03,1535.0,1555.0,1545.0
2026-08-05,1525.0,1545.0,1535.0
2026-08-06,1520.0,1540.0,1530.0
2026-08-07,1510.0,1530.0,1520.0
2026-08-10,1505.0,1525.0,1515.0
2026-08-11,1515.0,1535.0,1525.0
2026-08-12,1530.0,1550.0,1540.0
2026-08-13,1515.0,1535.0,1525.0
2026-08-14,1520.0,1540.0,1530.0
2026-08-18,1525.0,1545.0,1535.0
2026-08-19,1535.0,1555.0,1545.0
2026-08-20,1540.0,1560.0,1550.0
2026-08-21,1530.0,1550.0,1540.0
2026-08-24,1530.0,1550.0,1540.0
2026-08-25,1545.0,1565.0,1555.0
2026-08-26,1545.0,1565.0,1555.0
2026-08-27,1535.0,1555.0,1545.0
2026-08-28,1535.0,1555.0,1545.0
2026-08-31,1535.0,1555.0,1545.0
2026-09-01,1535.0,1555.0,1545.0
2026-09-02,1525.0,1545.0,1535.0
2026-09-03,1520.0,1540.0,1530.0
2026-09-04,1525.0,1545.0,1535.0
2026-09-07,1520.0,1540.0,1530.0
2026-09-08,1525.0,1545.0,1535.0
2026-09-09,1520.0,1540.0,1530.0
2026-09-10,1520.0,1540.0,1530.0
2026-09-11,1525.0,1545.0,1535.0
2026-09-14,1525.0,1545.0,1535.0
2026-09-15,1535.0,1555.0,1545.0
2026-09-16,1540.0,1560.0,1550.0
2026-09-17,1540.0,1560.0,1550.0
